date,latitude,longitude,temperature,humidity,wind_speed
2023-01-01,12.9716,77.5946,22.0,68.1,15.3
2023-01-02,12.9716,77.5946,22.2,79.7,4.8
2023-01-03,12.9716,77.5946,19.6,71.7,16.3
2023-01-04,12.9716,77.5946,19.2,74.1,2.6
2023-01-05,12.9716,77.5946,24.2,51.1,7.2
2023-01-06,12.9716,77.5946,21.2,76.4,14.2
2023-01-07,12.9716,77.5946,20.3,87.0,0.6
2023-01-08,12.9716,77.5946,18.8,81.2,4.1
2023-01-09,12.9716,77.5946,19.4,86.0,8.0
2023-01-10,12.9716,77.5946,24.3,80.4,7.8
2023-01-11,12.9716,77.5946,20.9,84.2,2.0
2023-01-12,12.9716,77.5946,23.1,61.9,7.9
2023-01-13,12.9716,77.5946,22.0,79.5,6.3
2023-01-14,12.9716,77.5946,24.7,73.5,18.2
2023-01-15,12.9716,77.5946,20.3,66.3,13.1
2023-01-16,12.9716,77.5946,24.3,79.2,4.3
2023-01-17,12.9716,77.5946,22.7,94.2,1.3
2023-01-18,12.9716,77.5946,25.4,74.8,9.7
2023-01-19,12.9716,77.5946,23.5,88.3,18.6
2023-01-20,12.9716,77.5946,23.1,68.4,13.8
2023-01-21,12.9716,77.5946,21.0,90.1,14.9
2023-01-22,12.9716,77.5946,22.4,65.7,0.7
2023-01-23,12.9716,77.5946,22.6,80.5,18.2
2023-01-24,12.9716,77.5946,23.1,73.3,8.4
2023-01-25,12.9716,77.5946,22.6,71.4,15.5
2023-01-26,12.9716,77.5946,27.7,54.5,16.3
2023-01-27,12.9716,77.5946,21.5,79.8,5.6
2023-01-28,12.9716,77.5946,23.4,79.8,9.3
2023-01-29,12.9716,77.5946,25.9,72.8,17.7
2023-01-30,12.9716,77.5946,30.7,70.5,9.7
2023-01-31,12.9716,77.5946,22.5,67.5,5.7
2023-02-01,12.9716,77.5946,23.5,62.3,1.2
2023-02-02,12.9716,77.5946,27.2,86.1,6.6
2023-02-03,12.9716,77.5946,22.1,90.3,6.0
2023-02-04,12.9716,77.5946,26.3,57.9,19.0
2023-02-05,12.9716,77.5946,24.0,75.4,13.9
2023-02-06,12.9716,77.5946,33.5,89.3,10.0
2023-02-07,12.9716,77.5946,24.1,84.8,9.0
2023-02-08,12.9716,77.5946,24.5,70.4,3.5
2023-02-09,12.9716,77.5946,27.2,84.2,16.6
2023-02-10,12.9716,77.5946,26.2,66.3,8.4
2023-02-11,12.9716,77.5946,27.1,74.2,13.0
2023-02-12,12.9716,77.5946,26.2,69.3,9.6
2023-02-13,12.9716,77.5946,29.8,69.4,4.1
2023-02-14,12.9716,77.5946,25.9,78.0,14.4
2023-02-15,12.9716,77.5946,26.6,80.0,13.0
2023-02-16,12.9716,77.5946,26.6,75.0,18.3
2023-02-17,12.9716,77.5946,25.7,86.0,5.4
2023-02-18,12.9716,77.5946,28.0,85.2,8.3
2023-02-19,12.9716,77.5946,25.3,64.3,2.2
2023-02-20,12.9716,77.5946,29.2,76.6,4.7
2023-02-21,12.9716,77.5946,29.7,58.4,18.6
2023-02-22,12.9716,77.5946,24.6,72.8,4.1
2023-02-23,12.9716,77.5946,30.4,74.2,15.6
2023-02-24,12.9716,77.5946,25.4,95.8,6.2
2023-02-25,12.9716,77.5946,27.1,60.0,7.2
2023-02-26,12.9716,77.5946,25.8,54.7,19.8
2023-02-27,12.9716,77.5946,34.7,77.8,4.8
2023-02-28,12.9716,77.5946,27.3,61.9,15.0
2023-03-01,12.9716,77.5946,29.1,84.9,4.3
2023-03-02,12.9716,77.5946,27.9,62.7,5.0
2023-03-03,12.9716,77.5946,34.5,71.8,9.1
2023-03-04,12.9716,77.5946,28.3,75.9,8.7
2023-03-05,12.9716,77.5946,29.2,87.2,18.8
2023-03-06,12.9716,77.5946,23.5,69.9,8.6
2023-03-07,12.9716,77.5946,27.8,60.9,17.1
2023-03-08,12.9716,77.5946,26.3,80.3,9.4
2023-03-09,12.9716,77.5946,32.0,80.3,6.0
2023-03-10,12.9716,77.5946,31.1,77.3,11.3
2023-03-11,12.9716,77.5946,30.6,66.8,4.1
2023-03-12,12.9716,77.5946,19.6,73.3,2.1
2023-03-13,12.9716,77.5946,28.4,79.0,3.8
2023-03-14,12.9716,77.5946,30.4,76.3,7.3
2023-03-15,12.9716,77.5946,28.8,71.8,0.6
2023-03-16,12.9716,77.5946,33.8,71.9,14.7
2023-03-17,12.9716,77.5946,27.7,83.7,18.2
2023-03-18,12.9716,77.5946,30.1,72.6,8.2
2023-03-19,12.9716,77.5946,26.7,69.6,0.4
2023-03-20,12.9716,77.5946,29.1,71.3,16.2
2023-03-21,12.9716,77.5946,31.7,59.6,19.6
2023-03-22,12.9716,77.5946,24.0,81.6,16.4
2023-03-23,12.9716,77.5946,34.0,60.8,0.8
2023-03-24,12.9716,77.5946,30.6,68.9,6.6
2023-03-25,12.9716,77.5946,31.9,65.8,0.9
2023-03-26,12.9716,77.5946,32.2,44.2,17.3
2023-03-27,12.9716,77.5946,23.6,66.7,9.4
2023-03-28,12.9716,77.5946,29.7,82.5,4.1
2023-03-29,12.9716,77.5946,34.1,74.7,17.8
2023-03-30,12.9716,77.5946,36.1,41.7,3.2
2023-03-31,12.9716,77.5946,27.5,82.0,18.7
2023-04-01,12.9716,77.5946,32.7,61.5,14.3
2023-04-02,12.9716,77.5946,31.3,66.5,14.5
2023-04-03,12.9716,77.5946,24.0,74.5,18.1
2023-04-04,12.9716,77.5946,33.8,72.7,19.4
2023-04-05,12.9716,77.5946,33.8,64.4,7.8
2023-04-06,12.9716,77.5946,28.8,76.8,1.6
2023-04-07,12.9716,77.5946,30.5,56.4,13.3
2023-04-08,12.9716,77.5946,29.3,75.1,14.6
2023-04-09,12.9716,77.5946,33.3,67.5,13.1
2023-04-10,12.9716,77.5946,28.3,65.8,7.6
2023-04-11,12.9716,77.5946,28.7,81.1,7.1
2023-04-12,12.9716,77.5946,27.6,67.0,4.1
2023-04-13,12.9716,77.5946,31.3,70.6,7.9
2023-04-14,12.9716,77.5946,31.2,78.9,8.6
2023-04-15,12.9716,77.5946,29.9,78.9,13.8
2023-04-16,12.9716,77.5946,26.1,75.8,11.8
2023-04-17,12.9716,77.5946,29.6,74.6,19.7
2023-04-18,12.9716,77.5946,31.5,64.5,13.9
2023-04-19,12.9716,77.5946,29.0,75.6,0.9
2023-04-20,12.9716,77.5946,33.1,48.8,5.6
2023-04-21,12.9716,77.5946,31.2,58.2,7.2
2023-04-22,12.9716,77.5946,33.1,68.5,1.6
2023-04-23,12.9716,77.5946,34.5,46.8,17.7
2023-04-24,12.9716,77.5946,30.0,71.6,13.3
2023-04-25,12.9716,77.5946,25.8,74.0,15.5
2023-04-26,12.9716,77.5946,24.1,73.8,8.0
2023-04-27,12.9716,77.5946,30.1,66.6,13.8
2023-04-28,12.9716,77.5946,32.9,72.3,14.9
2023-04-29,12.9716,77.5946,30.6,76.6,10.1
2023-04-30,12.9716,77.5946,30.0,94.2,5.9
2023-05-01,12.9716,77.5946,29.6,59.0,2.1
2023-05-02,12.9716,77.5946,30.1,60.1,11.5
2023-05-03,12.9716,77.5946,26.9,80.7,16.7
2023-05-04,12.9716,77.5946,30.4,68.3,9.8
2023-05-05,12.9716,77.5946,28.3,68.2,19.9
2023-05-06,12.9716,77.5946,30.7,71.0,8.9
2023-05-07,12.9716,77.5946,27.4,66.5,13.1
2023-05-08,12.9716,77.5946,27.8,78.5,17.7
2023-05-09,12.9716,77.5946,27.2,66.5,18.8
2023-05-10,12.9716,77.5946,26.1,84.2,14.9
2023-05-11,12.9716,77.5946,26.5,69.3,2.4
2023-05-12,12.9716,77.5946,28.7,56.9,11.5
2023-05-13,12.9716,77.5946,26.2,74.8,11.4
2023-05-14,12.9716,77.5946,30.2,65.5,0.0
2023-05-15,12.9716,77.5946,27.5,89.6,15.1
2023-05-16,12.9716,77.5946,29.2,80.8,15.8
2023-05-17,12.9716,77.5946,26.8,85.6,6.2
2023-05-18,12.9716,77.5946,24.6,82.4,9.8
2023-05-19,12.9716,77.5946,25.8,73.3,18.0
2023-05-20,12.9716,77.5946,27.2,63.2,5.2
2023-05-21,12.9716,77.5946,28.0,79.6,3.0
2023-05-22,12.9716,77.5946,28.3,67.9,0.3
2023-05-23,12.9716,77.5946,28.3,77.0,14.2
2023-05-24,12.9716,77.5946,23.5,75.0,7.6
2023-05-25,12.9716,77.5946,25.6,73.6,16.4
2023-05-26,12.9716,77.5946,21.9,100.0,19.9
2023-05-27,12.9716,77.5946,21.6,83.9,15.0
2023-05-28,12.9716,77.5946,28.0,71.4,19.4
2023-05-29,12.9716,77.5946,25.1,53.1,16.2
2023-05-30,12.9716,77.5946,29.6,61.1,3.8
2023-05-31,12.9716,77.5946,23.8,69.6,10.6
2023-06-01,12.9716,77.5946,22.5,64.0,14.8
2023-06-02,12.9716,77.5946,27.2,73.6,15.3
2023-06-03,12.9716,77.5946,25.9,82.4,19.0
2023-06-04,12.9716,77.5946,27.4,80.4,9.9
2023-06-05,12.9716,77.5946,24.1,82.6,14.7
2023-06-06,12.9716,77.5946,25.2,59.8,4.9
2023-06-07,12.9716,77.5946,21.9,72.5,13.1
2023-06-08,12.9716,77.5946,28.9,74.7,3.5
2023-06-09,12.9716,77.5946,24.7,62.1,9.3
2023-06-10,12.9716,77.5946,24.4,71.3,19.5
2023-06-11,12.9716,77.5946,22.1,63.4,5.4
2023-06-12,12.9716,77.5946,23.9,79.1,15.6
2023-06-13,12.9716,77.5946,19.7,76.0,14.6
2023-06-14,12.9716,77.5946,19.4,90.6,3.9
2023-06-15,12.9716,77.5946,21.2,86.8,5.9
2023-06-16,12.9716,77.5946,22.2,63.7,18.8
2023-06-17,12.9716,77.5946,19.8,79.9,3.1
2023-06-18,12.9716,77.5946,25.5,77.7,16.0
2023-06-19,12.9716,77.5946,19.4,93.4,1.2
2023-06-20,12.9716,77.5946,26.7,53.4,7.3
2023-06-21,12.9716,77.5946,21.3,82.2,17.4
2023-06-22,12.9716,77.5946,23.7,71.9,10.9
2023-06-23,12.9716,77.5946,21.8,83.8,1.4
2023-06-24,12.9716,77.5946,19.5,97.2,3.3
2023-06-25,12.9716,77.5946,22.8,61.8,8.0
2023-06-26,12.9716,77.5946,23.4,83.3,17.8
2023-06-27,12.9716,77.5946,18.6,67.6,18.7
2023-06-28,12.9716,77.5946,21.6,81.9,5.4
2023-06-29,12.9716,77.5946,15.8,83.4,15.4
2023-06-30,12.9716,77.5946,20.9,83.1,2.3
2023-07-01,12.9716,77.5946,22.7,87.2,13.6
2023-07-02,12.9716,77.5946,21.8,84.8,11.3
2023-07-03,12.9716,77.5946,21.7,87.3,1.2
2023-07-04,12.9716,77.5946,20.6,70.0,4.1
2023-07-05,12.9716,77.5946,25.2,61.4,9.8
2023-07-06,12.9716,77.5946,19.4,87.0,4.5
2023-07-07,12.9716,77.5946,19.9,80.8,19.6
2023-07-08,12.9716,77.5946,21.4,71.4,10.2
2023-07-09,12.9716,77.5946,14.9,78.5,3.9
2023-07-10,12.9716,77.5946,21.7,91.2,3.8
2023-07-11,12.9716,77.5946,17.1,68.3,17.1
2023-07-12,12.9716,77.5946,22.9,84.0,0.5
2023-07-13,12.9716,77.5946,17.0,87.9,8.2
2023-07-14,12.9716,77.5946,20.4,81.9,12.4
2023-07-15,12.9716,77.5946,17.4,86.5,19.8
2023-07-16,12.9716,77.5946,17.3,88.8,18.4
2023-07-17,12.9716,77.5946,21.6,80.4,6.7
2023-07-18,12.9716,77.5946,20.5,83.9,2.0
2023-07-19,12.9716,77.5946,14.7,74.4,15.6
2023-07-20,12.9716,77.5946,15.2,84.2,13.6
2023-07-21,12.9716,77.5946,13.9,100.0,5.4
2023-07-22,12.9716,77.5946,16.5,80.1,7.8
2023-07-23,12.9716,77.5946,14.8,83.7,0.2
2023-07-24,12.9716,77.5946,10.4,84.2,13.4
2023-07-25,12.9716,77.5946,16.9,69.6,13.7
2023-07-26,12.9716,77.5946,15.6,94.6,7.2
2023-07-27,12.9716,77.5946,17.7,78.5,8.2
2023-07-28,12.9716,77.5946,16.7,91.2,4.1
2023-07-29,12.9716,77.5946,12.4,77.6,1.2
2023-07-30,12.9716,77.5946,14.5,75.2,8.5
2023-07-31,12.9716,77.5946,16.1,70.9,15.3
2023-08-01,12.9716,77.5946,14.3,90.6,10.9
2023-08-02,12.9716,77.5946,10.3,88.4,16.1
2023-08-03,12.9716,77.5946,20.7,71.5,5.8
2023-08-04,12.9716,77.5946,12.8,87.4,7.8
2023-08-05,12.9716,77.5946,13.4,72.2,3.1
2023-08-06,12.9716,77.5946,20.9,80.4,4.7
2023-08-07,12.9716,77.5946,14.0,84.0,10.5
2023-08-08,12.9716,77.5946,12.5,88.5,16.2
2023-08-09,12.9716,77.5946,13.1,70.3,11.4
2023-08-10,12.9716,77.5946,20.8,68.0,15.9
2023-08-11,12.9716,77.5946,21.1,70.3,15.1
2023-08-12,12.9716,77.5946,19.3,93.0,18.0
2023-08-13,12.9716,77.5946,9.6,97.3,1.3
2023-08-14,12.9716,77.5946,13.8,88.6,10.5
2023-08-15,12.9716,77.5946,15.7,73.0,8.8
2023-08-16,12.9716,77.5946,13.8,100.0,15.2
2023-08-17,12.9716,77.5946,15.6,76.6,6.7
2023-08-18,12.9716,77.5946,17.7,73.0,15.9
2023-08-19,12.9716,77.5946,14.0,97.3,1.6
2023-08-20,12.9716,77.5946,11.8,95.3,14.1
2023-08-21,12.9716,77.5946,10.2,77.5,13.4
2023-08-22,12.9716,77.5946,14.9,87.5,4.7
2023-08-23,12.9716,77.5946,11.6,97.4,1.9
2023-08-24,12.9716,77.5946,13.7,82.3,6.4
2023-08-25,12.9716,77.5946,15.4,87.2,19.8
2023-08-26,12.9716,77.5946,15.8,77.4,2.8
2023-08-27,12.9716,77.5946,12.4,100.0,2.4
2023-08-28,12.9716,77.5946,11.8,85.0,19.8
2023-08-29,12.9716,77.5946,13.5,99.1,16.2
2023-08-30,12.9716,77.5946,14.1,78.0,18.9
2023-08-31,12.9716,77.5946,8.1,98.1,3.6
2023-09-01,12.9716,77.5946,12.7,89.5,13.0
2023-09-02,12.9716,77.5946,4.3,86.9,0.6
2023-09-03,12.9716,77.5946,11.8,80.1,8.6
2023-09-04,12.9716,77.5946,8.3,89.7,12.4
2023-09-05,12.9716,77.5946,9.7,87.4,5.3
2023-09-06,12.9716,77.5946,10.5,96.7,12.1
2023-09-07,12.9716,77.5946,11.5,90.5,11.5
2023-09-08,12.9716,77.5946,11.4,95.5,4.6
2023-09-09,12.9716,77.5946,14.2,78.7,13.6
2023-09-10,12.9716,77.5946,5.6,84.5,15.6
2023-09-11,12.9716,77.5946,9.2,100.0,19.4
2023-09-12,12.9716,77.5946,7.8,85.6,3.7
2023-09-13,12.9716,77.5946,10.0,92.7,14.8
2023-09-14,12.9716,77.5946,10.0,100.0,17.5
2023-09-15,12.9716,77.5946,13.9,78.3,6.1
2023-09-16,12.9716,77.5946,6.7,100.0,0.7
2023-09-17,12.9716,77.5946,10.1,83.8,6.8
2023-09-18,12.9716,77.5946,11.7,98.2,10.4
2023-09-19,12.9716,77.5946,6.9,92.9,5.9
2023-09-20,12.9716,77.5946,15.0,82.6,18.4
2023-09-21,12.9716,77.5946,12.0,65.8,10.1
2023-09-22,12.9716,77.5946,4.9,100.0,1.7
2023-09-23,12.9716,77.5946,7.3,94.0,10.3
2023-09-24,12.9716,77.5946,8.5,87.3,16.9
2023-09-25,12.9716,77.5946,14.3,86.3,11.0
2023-09-26,12.9716,77.5946,11.7,87.1,0.4
2023-09-27,12.9716,77.5946,14.5,92.4,13.2
2023-09-28,12.9716,77.5946,-0.1,100.0,6.1
2023-09-29,12.9716,77.5946,10.0,84.6,8.7
2023-09-30,12.9716,77.5946,9.2,100.0,14.7
2023-10-01,12.9716,77.5946,12.2,100.0,7.6
2023-10-02,12.9716,77.5946,9.8,91.2,1.5
2023-10-03,12.9716,77.5946,15.2,97.8,15.8
2023-10-04,12.9716,77.5946,13.5,88.6,15.3
2023-10-05,12.9716,77.5946,5.0,96.7,4.4
2023-10-06,12.9716,77.5946,12.5,84.5,7.6
2023-10-07,12.9716,77.5946,6.6,86.6,17.9
2023-10-08,12.9716,77.5946,12.4,83.1,0.1
2023-10-09,12.9716,77.5946,10.5,85.6,9.3
2023-10-10,12.9716,77.5946,7.6,75.3,2.4
2023-10-11,12.9716,77.5946,8.3,87.9,8.9
2023-10-12,12.9716,77.5946,13.9,73.0,7.9
2023-10-13,12.9716,77.5946,10.7,100.0,13.2
2023-10-14,12.9716,77.5946,13.3,84.8,4.2
2023-10-15,12.9716,77.5946,4.2,88.5,2.3
2023-10-16,12.9716,77.5946,11.0,78.2,2.3
2023-10-17,12.9716,77.5946,9.9,83.7,5.3
2023-10-18,12.9716,77.5946,3.1,100.0,17.5
2023-10-19,12.9716,77.5946,7.6,90.3,9.2
2023-10-20,12.9716,77.5946,4.4,87.8,0.0
2023-10-21,12.9716,77.5946,10.7,77.6,8.2
2023-10-22,12.9716,77.5946,8.9,100.0,4.9
2023-10-23,12.9716,77.5946,14.8,72.1,17.5
2023-10-24,12.9716,77.5946,12.3,93.4,4.1
2023-10-25,12.9716,77.5946,6.9,100.0,18.3
2023-10-26,12.9716,77.5946,14.6,74.6,1.6
2023-10-27,12.9716,77.5946,9.1,91.5,8.4
2023-10-28,12.9716,77.5946,9.0,79.3,11.2
2023-10-29,12.9716,77.5946,8.9,95.0,3.5
2023-10-30,12.9716,77.5946,8.4,87.8,18.0
2023-10-31,12.9716,77.5946,13.7,84.6,18.5
2023-11-01,12.9716,77.5946,11.5,75.7,1.1
2023-11-02,12.9716,77.5946,14.6,93.7,11.3
2023-11-03,12.9716,77.5946,6.8,80.2,11.0
2023-11-04,12.9716,77.5946,11.8,86.3,8.0
2023-11-05,12.9716,77.5946,11.4,88.3,19.1
2023-11-06,12.9716,77.5946,10.8,87.9,11.3
2023-11-07,12.9716,77.5946,9.5,100.0,5.0
2023-11-08,12.9716,77.5946,9.1,98.1,0.0
2023-11-09,12.9716,77.5946,12.9,78.2,3.8
2023-11-10,12.9716,77.5946,15.4,88.4,3.5
2023-11-11,12.9716,77.5946,15.9,79.5,16.8
2023-11-12,12.9716,77.5946,12.5,84.2,3.4
2023-11-13,12.9716,77.5946,17.1,74.4,10.1
2023-11-14,12.9716,77.5946,13.3,83.3,12.9
2023-11-15,12.9716,77.5946,17.4,79.6,0.8
2023-11-16,12.9716,77.5946,12.6,100.0,1.3
2023-11-17,12.9716,77.5946,12.4,96.6,17.5
2023-11-18,12.9716,77.5946,7.5,100.0,3.9
2023-11-19,12.9716,77.5946,14.5,57.8,19.9
2023-11-20,12.9716,77.5946,13.7,97.3,15.4
2023-11-21,12.9716,77.5946,13.3,85.6,3.1
2023-11-22,12.9716,77.5946,11.8,99.6,5.7
2023-11-23,12.9716,77.5946,13.6,80.5,6.9
2023-11-24,12.9716,77.5946,19.0,71.6,15.1
2023-11-25,12.9716,77.5946,18.5,100.0,13.3
2023-11-26,12.9716,77.5946,15.4,73.7,13.2
2023-11-27,12.9716,77.5946,14.2,75.2,2.3
2023-11-28,12.9716,77.5946,10.9,77.4,12.7
2023-11-29,12.9716,77.5946,15.4,100.0,17.0
2023-11-30,12.9716,77.5946,14.5,99.0,0.3
2023-12-01,12.9716,77.5946,13.4,93.3,16.4
2023-12-02,12.9716,77.5946,11.4,94.6,1.6
2023-12-03,12.9716,77.5946,14.9,88.3,19.7
2023-12-04,12.9716,77.5946,12.4,90.3,8.1
2023-12-05,12.9716,77.5946,17.5,82.3,10.7
2023-12-06,12.9716,77.5946,18.0,78.1,18.6
2023-12-07,12.9716,77.5946,13.5,89.5,18.1
2023-12-08,12.9716,77.5946,10.1,95.5,1.3
2023-12-09,12.9716,77.5946,15.7,84.6,5.8
2023-12-10,12.9716,77.5946,14.9,75.1,19.0
2023-12-11,12.9716,77.5946,14.0,70.6,17.3
2023-12-12,12.9716,77.5946,20.5,100.0,19.4
2023-12-13,12.9716,77.5946,18.0,88.6,9.3
2023-12-14,12.9716,77.5946,21.1,94.6,7.5
2023-12-15,12.9716,77.5946,15.8,78.1,19.4
2023-12-16,12.9716,77.5946,14.4,100.0,14.6
2023-12-17,12.9716,77.5946,20.3,85.2,10.5
2023-12-18,12.9716,77.5946,21.1,71.8,5.1
2023-12-19,12.9716,77.5946,15.1,88.0,16.1
2023-12-20,12.9716,77.5946,23.7,78.6,3.0
2023-12-21,12.9716,77.5946,21.8,81.6,7.2
2023-12-22,12.9716,77.5946,12.9,84.2,10.0
2023-12-23,12.9716,77.5946,12.5,88.9,2.5
2023-12-24,12.9716,77.5946,20.4,75.5,5.7
2023-12-25,12.9716,77.5946,18.5,76.2,8.8
2023-12-26,12.9716,77.5946,17.2,92.5,13.5
2023-12-27,12.9716,77.5946,20.9,87.5,12.2
2023-12-28,12.9716,77.5946,19.2,64.6,12.7
2023-12-29,12.9716,77.5946,19.6,60.9,4.4
2023-12-30,12.9716,77.5946,15.3,81.8,7.0
2023-12-31,12.9716,77.5946,21.3,84.4,8.9
2023-01-01,28.6139,77.209,23.7,81.5,8.9
2023-01-02,28.6139,77.209,18.0,85.2,0.5
2023-01-03,28.6139,77.209,22.9,68.1,9.5
2023-01-04,28.6139,77.209,20.0,74.8,10.0
2023-01-05,28.6139,77.209,22.8,73.7,13.9
2023-01-06,28.6139,77.209,15.3,71.0,9.2
2023-01-07,28.6139,77.209,21.7,79.5,13.2
2023-01-08,28.6139,77.209,16.0,73.2,8.9
2023-01-09,28.6139,77.209,21.4,73.7,7.7
2023-01-10,28.6139,77.209,20.7,80.5,4.3
2023-01-11,28.6139,77.209,18.5,78.6,19.6
2023-01-12,28.6139,77.209,22.7,70.4,9.3
2023-01-13,28.6139,77.209,18.2,73.3,16.0
2023-01-14,28.6139,77.209,21.1,80.9,7.4
2023-01-15,28.6139,77.209,18.6,100.0,1.5
2023-01-16,28.6139,77.209,25.0,79.7,17.3
2023-01-17,28.6139,77.209,26.1,69.9,0.5
2023-01-18,28.6139,77.209,23.2,70.3,10.8
2023-01-19,28.6139,77.209,26.8,68.5,13.8
2023-01-20,28.6139,77.209,21.2,88.9,2.4
2023-01-21,28.6139,77.209,31.3,55.9,10.5
2023-01-22,28.6139,77.209,19.8,68.8,4.2
2023-01-23,28.6139,77.209,23.3,70.1,9.9
2023-01-24,28.6139,77.209,21.1,78.4,12.9
2023-01-25,28.6139,77.209,23.3,74.5,15.6
2023-01-26,28.6139,77.209,21.1,86.9,17.9
2023-01-27,28.6139,77.209,21.9,65.2,9.3
2023-01-28,28.6139,77.209,21.2,88.6,18.5
2023-01-29,28.6139,77.209,26.4,66.6,14.5
2023-01-30,28.6139,77.209,25.8,67.7,14.4
2023-01-31,28.6139,77.209,26.4,68.6,1.6
2023-02-01,28.6139,77.209,25.4,63.3,0.9
2023-02-02,28.6139,77.209,21.6,83.0,11.1
2023-02-03,28.6139,77.209,30.2,91.8,14.9
2023-02-04,28.6139,77.209,23.5,78.0,0.2
2023-02-05,28.6139,77.209,24.6,66.0,16.0
2023-02-06,28.6139,77.209,22.7,68.1,8.9
2023-02-07,28.6139,77.209,28.3,61.2,0.9
2023-02-08,28.6139,77.209,26.9,84.2,19.6
2023-02-09,28.6139,77.209,23.2,65.3,7.9
2023-02-10,28.6139,77.209,27.7,65.9,15.2
2023-02-11,28.6139,77.209,30.1,77.6,8.5
2023-02-12,28.6139,77.209,26.7,84.6,10.2
2023-02-13,28.6139,77.209,27.3,53.8,3.8
2023-02-14,28.6139,77.209,28.2,87.7,8.9
2023-02-15,28.6139,77.209,28.0,76.9,15.1
2023-02-16,28.6139,77.209,28.8,57.4,17.8
2023-02-17,28.6139,77.209,28.4,75.6,16.8
2023-02-18,28.6139,77.209,19.4,90.5,6.8
2023-02-19,28.6139,77.209,33.3,78.6,5.3
2023-02-20,28.6139,77.209,24.7,72.4,13.7
2023-02-21,28.6139,77.209,29.6,49.6,15.2
2023-02-22,28.6139,77.209,33.6,62.1,1.9
2023-02-23,28.6139,77.209,28.9,60.1,9.6
2023-02-24,28.6139,77.209,31.2,77.4,4.0
2023-02-25,28.6139,77.209,30.9,53.7,17.3
2023-02-26,28.6139,77.209,26.8,70.2,11.5
2023-02-27,28.6139,77.209,31.0,60.1,2.5
2023-02-28,28.6139,77.209,28.5,72.3,8.1
2023-03-01,28.6139,77.209,31.0,55.0,4.5
2023-03-02,28.6139,77.209,29.9,85.7,18.2
2023-03-03,28.6139,77.209,31.2,69.5,19.3
2023-03-04,28.6139,77.209,23.2,77.0,14.9
2023-03-05,28.6139,77.209,29.4,57.4,9.5
2023-03-06,28.6139,77.209,27.7,66.1,16.5
2023-03-07,28.6139,77.209,32.0,59.8,8.9
2023-03-08,28.6139,77.209,27.6,81.4,6.2
2023-03-09,28.6139,77.209,27.2,77.3,10.7
2023-03-10,28.6139,77.209,29.9,61.9,12.7
2023-03-11,28.6139,77.209,28.4,56.1,9.4
2023-03-12,28.6139,77.209,31.0,50.5,10.4
2023-03-13,28.6139,77.209,32.1,79.3,6.5
2023-03-14,28.6139,77.209,30.5,83.8,4.3
2023-03-15,28.6139,77.209,29.8,61.3,12.3
2023-03-16,28.6139,77.209,35.2,63.1,17.9
2023-03-17,28.6139,77.209,31.0,80.4,11.1
2023-03-18,28.6139,77.209,27.6,63.5,5.0
2023-03-19,28.6139,77.209,32.4,58.0,3.1
2023-03-20,28.6139,77.209,28.4,85.6,1.9
2023-03-21,28.6139,77.209,30.1,77.6,0.9
2023-03-22,28.6139,77.209,33.1,76.9,1.1
2023-03-23,28.6139,77.209,31.9,62.5,17.8
2023-03-24,28.6139,77.209,25.0,83.5,11.5
2023-03-25,28.6139,77.209,31.0,86.1,7.4
2023-03-26,28.6139,77.209,35.2,61.0,17.1
2023-03-27,28.6139,77.209,27.6,69.3,9.4
2023-03-28,28.6139,77.209,29.6,61.1,6.5
2023-03-29,28.6139,77.209,29.7,60.1,4.7
2023-03-30,28.6139,77.209,30.6,84.0,17.4
2023-03-31,28.6139,77.209,29.3,58.8,14.8
2023-04-01,28.6139,77.209,33.7,91.2,13.2
2023-04-02,28.6139,77.209,34.4,61.1,5.1
2023-04-03,28.6139,77.209,30.2,69.1,3.8
2023-04-04,28.6139,77.209,29.0,70.1,18.3
2023-04-05,28.6139,77.209,30.2,68.1,9.2
2023-04-06,28.6139,77.209,31.5,75.1,5.9
2023-04-07,28.6139,77.209,30.7,75.8,14.8
2023-04-08,28.6139,77.209,28.7,74.7,17.3
2023-04-09,28.6139,77.209,28.3,69.5,9.3
2023-04-10,28.6139,77.209,27.6,77.3,7.9
2023-04-11,28.6139,77.209,32.8,63.4,7.3
2023-04-12,28.6139,77.209,27.0,59.8,5.4
2023-04-13,28.6139,77.209,31.7,63.7,8.7
2023-04-14,28.6139,77.209,35.0,75.8,9.7
2023-04-15,28.6139,77.209,31.2,63.2,2.4
2023-04-16,28.6139,77.209,30.2,83.5,13.5
2023-04-17,28.6139,77.209,29.8,75.6,2.9
2023-04-18,28.6139,77.209,30.1,73.9,0.5
2023-04-19,28.6139,77.209,28.0,55.0,12.0
2023-04-20,28.6139,77.209,31.7,64.2,14.8
2023-04-21,28.6139,77.209,25.7,56.3,9.0
2023-04-22,28.6139,77.209,31.1,71.6,15.9
2023-04-23,28.6139,77.209,28.3,69.7,11.5
2023-04-24,28.6139,77.209,27.8,55.4,7.2
2023-04-25,28.6139,77.209,29.2,55.8,17.5
2023-04-26,28.6139,77.209,24.5,82.6,7.9
2023-04-27,28.6139,77.209,34.8,57.8,18.3
2023-04-28,28.6139,77.209,26.8,79.0,15.0
2023-04-29,28.6139,77.209,28.6,75.0,18.7
2023-04-30,28.6139,77.209,26.8,58.7,7.6
2023-05-01,28.6139,77.209,31.0,74.2,15.3
2023-05-02,28.6139,77.209,28.2,70.3,13.7
2023-05-03,28.6139,77.209,24.6,75.5,16.0
2023-05-04,28.6139,77.209,27.3,79.9,8.0
2023-05-05,28.6139,77.209,27.3,85.9,19.6
2023-05-06,28.6139,77.209,28.4,49.7,11.8
2023-05-07,28.6139,77.209,25.2,93.4,16.0
2023-05-08,28.6139,77.209,26.3,68.3,19.4
2023-05-09,28.6139,77.209,29.7,75.8,1.9
2023-05-10,28.6139,77.209,22.8,71.9,16.3
2023-05-11,28.6139,77.209,26.4,78.0,14.1
2023-05-12,28.6139,77.209,29.7,84.4,6.3
2023-05-13,28.6139,77.209,27.8,78.2,1.4
2023-05-14,28.6139,77.209,26.4,74.7,1.9
2023-05-15,28.6139,77.209,20.8,92.3,10.5
2023-05-16,28.6139,77.209,25.3,62.5,7.1
2023-05-17,28.6139,77.209,23.3,89.3,9.1
2023-05-18,28.6139,77.209,22.3,87.3,0.7
2023-05-19,28.6139,77.209,26.3,92.0,17.9
2023-05-20,28.6139,77.209,32.5,62.5,16.7
2023-05-21,28.6139,77.209,28.7,74.6,19.9
2023-05-22,28.6139,77.209,26.4,60.0,16.4
2023-05-23,28.6139,77.209,29.1,74.5,8.7
2023-05-24,28.6139,77.209,19.7,78.9,19.7
2023-05-25,28.6139,77.209,28.1,73.8,8.4
2023-05-26,28.6139,77.209,27.6,89.3,7.5
2023-05-27,28.6139,77.209,29.8,69.2,13.2
2023-05-28,28.6139,77.209,30.1,57.8,4.8
2023-05-29,28.6139,77.209,28.8,71.9,10.8
2023-05-30,28.6139,77.209,26.7,63.5,11.9
2023-05-31,28.6139,77.209,23.2,59.3,14.3
2023-06-01,28.6139,77.209,25.8,72.9,0.8
2023-06-02,28.6139,77.209,26.0,63.0,13.9
2023-06-03,28.6139,77.209,19.2,72.7,12.8
2023-06-04,28.6139,77.209,24.5,69.9,1.0
2023-06-05,28.6139,77.209,21.3,88.8,8.6
2023-06-06,28.6139,77.209,26.2,77.8,7.3
2023-06-07,28.6139,77.209,22.9,74.6,8.6
2023-06-08,28.6139,77.209,19.7,66.3,3.0
2023-06-09,28.6139,77.209,16.6,76.6,19.2
2023-06-10,28.6139,77.209,20.2,87.0,14.7
2023-06-11,28.6139,77.209,26.5,95.1,4.0
2023-06-12,28.6139,77.209,23.0,71.4,13.7
2023-06-13,28.6139,77.209,22.3,76.1,0.1
2023-06-14,28.6139,77.209,25.8,49.8,14.6
2023-06-15,28.6139,77.209,20.4,86.7,1.5
2023-06-16,28.6139,77.209,23.8,77.5,1.6
2023-06-17,28.6139,77.209,26.5,65.4,11.7
2023-06-18,28.6139,77.209,27.1,77.8,16.8
2023-06-19,28.6139,77.209,22.4,89.2,17.7
2023-06-20,28.6139,77.209,17.9,90.6,1.8
2023-06-21,28.6139,77.209,22.3,54.2,5.6
2023-06-22,28.6139,77.209,20.7,71.6,6.7
2023-06-23,28.6139,77.209,21.7,82.7,0.6
2023-06-24,28.6139,77.209,19.1,87.8,14.0
2023-06-25,28.6139,77.209,20.2,84.8,10.6
2023-06-26,28.6139,77.209,18.7,86.2,17.3
2023-06-27,28.6139,77.209,15.6,93.4,16.6
2023-06-28,28.6139,77.209,18.3,74.5,18.8
2023-06-29,28.6139,77.209,20.3,58.4,19.6
2023-06-30,28.6139,77.209,19.0,73.9,2.5
2023-07-01,28.6139,77.209,21.0,81.6,13.1
2023-07-02,28.6139,77.209,17.1,86.6,9.1
2023-07-03,28.6139,77.209,15.4,65.5,17.7
2023-07-04,28.6139,77.209,18.5,93.3,9.6
2023-07-05,28.6139,77.209,19.4,91.0,4.0
2023-07-06,28.6139,77.209,16.6,74.9,15.3
2023-07-07,28.6139,77.209,18.7,90.2,3.3
2023-07-08,28.6139,77.209,21.6,85.3,2.1
2023-07-09,28.6139,77.209,17.5,95.5,16.9
2023-07-10,28.6139,77.209,21.3,86.3,16.9
2023-07-11,28.6139,77.209,20.3,94.2,6.1
2023-07-12,28.6139,77.209,13.0,100.0,7.9
2023-07-13,28.6139,77.209,11.3,100.0,7.6
2023-07-14,28.6139,77.209,17.6,57.0,13.7
2023-07-15,28.6139,77.209,17.3,70.9,13.3
2023-07-16,28.6139,77.209,18.6,81.4,7.2
2023-07-17,28.6139,77.209,17.9,73.6,2.2
2023-07-18,28.6139,77.209,16.6,79.5,5.3
2023-07-19,28.6139,77.209,19.0,85.5,1.6
2023-07-20,28.6139,77.209,13.3,100.0,19.3
2023-07-21,28.6139,77.209,8.9,81.9,17.4
2023-07-22,28.6139,77.209,20.9,66.6,3.3
2023-07-23,28.6139,77.209,19.6,70.4,18.9
2023-07-24,28.6139,77.209,19.4,86.9,18.9
2023-07-25,28.6139,77.209,7.9,85.9,1.5
2023-07-26,28.6139,77.209,11.5,80.4,9.3
2023-07-27,28.6139,77.209,14.3,70.5,9.8
2023-07-28,28.6139,77.209,13.5,83.8,1.3
2023-07-29,28.6139,77.209,18.9,94.2,18.3
2023-07-30,28.6139,77.209,16.3,65.4,11.0
2023-07-31,28.6139,77.209,11.4,79.0,13.9
2023-08-01,28.6139,77.209,16.3,86.2,8.6
2023-08-02,28.6139,77.209,11.1,91.7,8.6
2023-08-03,28.6139,77.209,18.4,69.2,14.7
2023-08-04,28.6139,77.209,15.8,72.1,18.2
2023-08-05,28.6139,77.209,13.0,85.8,8.2
2023-08-06,28.6139,77.209,14.2,67.1,0.3
2023-08-07,28.6139,77.209,15.8,93.1,15.2
2023-08-08,28.6139,77.209,16.3,78.6,14.1
2023-08-09,28.6139,77.209,14.6,99.0,8.9
2023-08-10,28.6139,77.209,12.4,90.8,7.7
2023-08-11,28.6139,77.209,14.2,79.7,6.0
2023-08-12,28.6139,77.209,12.5,99.7,13.1
2023-08-13,28.6139,77.209,14.7,89.0,5.1
2023-08-14,28.6139,77.209,14.0,73.4,18.3
2023-08-15,28.6139,77.209,15.5,74.6,4.7
2023-08-16,28.6139,77.209,9.1,99.0,5.9
2023-08-17,28.6139,77.209,13.5,100.0,17.4
2023-08-18,28.6139,77.209,16.5,95.2,14.2
2023-08-19,28.6139,77.209,12.3,86.4,13.5
2023-08-20,28.6139,77.209,11.9,100.0,2.4
2023-08-21,28.6139,77.209,13.2,81.2,10.8
2023-08-22,28.6139,77.209,8.0,81.7,12.2
2023-08-23,28.6139,77.209,8.9,80.7,17.2
2023-08-24,28.6139,77.209,15.1,77.2,4.2
2023-08-25,28.6139,77.209,15.0,100.0,6.0
2023-08-26,28.6139,77.209,12.5,89.8,13.6
2023-08-27,28.6139,77.209,14.5,96.0,10.1
2023-08-28,28.6139,77.209,15.2,90.6,7.6
2023-08-29,28.6139,77.209,11.3,98.5,16.1
2023-08-30,28.6139,77.209,13.9,79.7,17.9
2023-08-31,28.6139,77.209,17.7,94.2,2.5
2023-09-01,28.6139,77.209,13.9,90.1,6.1
2023-09-02,28.6139,77.209,12.9,89.4,1.2
2023-09-03,28.6139,77.209,10.6,89.8,10.0
2023-09-04,28.6139,77.209,6.4,91.5,13.3
2023-09-05,28.6139,77.209,8.3,82.5,15.8
2023-09-06,28.6139,77.209,9.5,91.4,17.8
2023-09-07,28.6139,77.209,10.3,82.9,15.8
2023-09-08,28.6139,77.209,14.4,82.8,7.8
2023-09-09,28.6139,77.209,5.5,100.0,8.5
2023-09-10,28.6139,77.209,14.5,100.0,17.9
2023-09-11,28.6139,77.209,9.1,82.4,13.9
2023-09-12,28.6139,77.209,11.8,92.5,17.9
2023-09-13,28.6139,77.209,10.6,97.5,3.4
2023-09-14,28.6139,77.209,11.8,88.1,10.6
2023-09-15,28.6139,77.209,8.6,86.2,16.4
2023-09-16,28.6139,77.209,11.3,100.0,4.9
2023-09-17,28.6139,77.209,13.9,72.6,5.9
2023-09-18,28.6139,77.209,10.4,100.0,7.8
2023-09-19,28.6139,77.209,8.5,100.0,11.6
2023-09-20,28.6139,77.209,13.0,100.0,10.6
2023-09-21,28.6139,77.209,12.8,90.4,1.9
2023-09-22,28.6139,77.209,8.8,100.0,19.8
2023-09-23,28.6139,77.209,8.0,93.5,14.7
2023-09-24,28.6139,77.209,10.5,89.2,15.6
2023-09-25,28.6139,77.209,11.7,74.9,10.3
2023-09-26,28.6139,77.209,8.0,100.0,7.8
2023-09-27,28.6139,77.209,12.5,70.7,4.9
2023-09-28,28.6139,77.209,11.5,85.9,2.4
2023-09-29,28.6139,77.209,15.4,68.2,14.3
2023-09-30,28.6139,77.209,9.9,100.0,1.8
2023-10-01,28.6139,77.209,13.0,79.0,5.3
2023-10-02,28.6139,77.209,10.0,78.7,5.7
2023-10-03,28.6139,77.209,11.1,82.5,13.0
2023-10-04,28.6139,77.209,11.4,78.2,12.3
2023-10-05,28.6139,77.209,14.6,80.8,9.1
2023-10-06,28.6139,77.209,14.1,100.0,17.6
2023-10-07,28.6139,77.209,15.7,80.7,7.2
2023-10-08,28.6139,77.209,12.4,90.9,2.8
2023-10-09,28.6139,77.209,7.6,90.7,17.5
2023-10-10,28.6139,77.209,13.9,95.8,7.5
2023-10-11,28.6139,77.209,7.0,100.0,18.1
2023-10-12,28.6139,77.209,6.9,78.8,7.6
2023-10-13,28.6139,77.209,14.8,81.7,5.5
2023-10-14,28.6139,77.209,16.1,93.4,15.2
2023-10-15,28.6139,77.209,9.9,66.7,2.9
2023-10-16,28.6139,77.209,11.5,78.4,11.6
2023-10-17,28.6139,77.209,13.3,74.5,0.5
2023-10-18,28.6139,77.209,6.7,100.0,16.6
2023-10-19,28.6139,77.209,12.6,97.9,3.8
2023-10-20,28.6139,77.209,17.4,90.9,13.6
2023-10-21,28.6139,77.209,16.1,72.4,4.3
2023-10-22,28.6139,77.209,10.5,76.6,0.3
2023-10-23,28.6139,77.209,15.0,100.0,19.0
2023-10-24,28.6139,77.209,4.1,93.5,18.4
2023-10-25,28.6139,77.209,11.0,99.6,7.3
2023-10-26,28.6139,77.209,16.7,67.1,7.3
2023-10-27,28.6139,77.209,15.1,77.7,13.1
2023-10-28,28.6139,77.209,13.4,85.4,3.3
2023-10-29,28.6139,77.209,9.7,86.0,10.4
2023-10-30,28.6139,77.209,12.1,94.7,14.6
2023-10-31,28.6139,77.209,17.3,76.6,10.4
2023-11-01,28.6139,77.209,13.5,91.6,1.7
2023-11-02,28.6139,77.209,12.9,100.0,12.9
2023-11-03,28.6139,77.209,8.6,95.9,18.1
2023-11-04,28.6139,77.209,9.8,70.9,13.2
2023-11-05,28.6139,77.209,15.1,76.0,8.4
2023-11-06,28.6139,77.209,16.7,84.5,2.7
2023-11-07,28.6139,77.209,4.6,100.0,15.4
2023-11-08,28.6139,77.209,13.4,90.5,0.9
2023-11-09,28.6139,77.209,11.6,95.6,2.2
2023-11-10,28.6139,77.209,13.3,87.1,9.8
2023-11-11,28.6139,77.209,15.3,86.2,6.5
2023-11-12,28.6139,77.209,12.8,99.1,12.8
2023-11-13,28.6139,77.209,8.9,95.7,13.1
2023-11-14,28.6139,77.209,14.2,87.3,4.1
2023-11-15,28.6139,77.209,14.8,80.8,7.8
2023-11-16,28.6139,77.209,12.4,100.0,10.4
2023-11-17,28.6139,77.209,11.7,84.5,16.0
2023-11-18,28.6139,77.209,13.0,72.9,13.2
2023-11-19,28.6139,77.209,15.8,86.2,17.8
2023-11-20,28.6139,77.209,15.3,80.3,14.3
2023-11-21,28.6139,77.209,14.5,89.2,19.0
2023-11-22,28.6139,77.209,13.7,75.5,11.3
2023-11-23,28.6139,77.209,8.7,100.0,0.3
2023-11-24,28.6139,77.209,13.4,100.0,10.1
2023-11-25,28.6139,77.209,12.7,82.6,7.6
2023-11-26,28.6139,77.209,14.8,79.9,9.5
2023-11-27,28.6139,77.209,9.1,99.4,2.8
2023-11-28,28.6139,77.209,15.1,87.6,18.5
2023-11-29,28.6139,77.209,15.0,88.1,11.8
2023-11-30,28.6139,77.209,11.4,75.9,9.9
2023-12-01,28.6139,77.209,10.6,100.0,13.6
2023-12-02,28.6139,77.209,15.3,92.8,8.1
2023-12-03,28.6139,77.209,11.5,85.4,9.5
2023-12-04,28.6139,77.209,14.7,83.7,13.6
2023-12-05,28.6139,77.209,11.5,64.6,3.9
2023-12-06,28.6139,77.209,15.8,75.4,13.4
2023-12-07,28.6139,77.209,13.2,99.8,18.6
2023-12-08,28.6139,77.209,16.9,92.2,15.0
2023-12-09,28.6139,77.209,12.7,79.3,4.4
2023-12-10,28.6139,77.209,14.2,87.7,19.7
2023-12-11,28.6139,77.209,11.9,83.9,16.1
2023-12-12,28.6139,77.209,14.9,93.8,11.7
2023-12-13,28.6139,77.209,14.8,71.4,5.1
2023-12-14,28.6139,77.209,21.9,84.0,14.5
2023-12-15,28.6139,77.209,16.9,94.2,2.7
2023-12-16,28.6139,77.209,15.8,77.1,7.3
2023-12-17,28.6139,77.209,17.7,73.6,16.8
2023-12-18,28.6139,77.209,20.1,66.7,19.8
2023-12-19,28.6139,77.209,24.3,77.6,8.9
2023-12-20,28.6139,77.209,16.9,76.3,3.2
2023-12-21,28.6139,77.209,17.8,68.1,19.5
2023-12-22,28.6139,77.209,20.3,72.7,19.7
2023-12-23,28.6139,77.209,18.0,87.3,18.0
2023-12-24,28.6139,77.209,17.7,100.0,8.9
2023-12-25,28.6139,77.209,18.4,95.1,9.0
2023-12-26,28.6139,77.209,21.2,67.4,19.6
2023-12-27,28.6139,77.209,20.4,80.3,4.3
2023-12-28,28.6139,77.209,20.2,79.3,8.1
2023-12-29,28.6139,77.209,23.7,74.6,13.4
2023-12-30,28.6139,77.209,18.7,76.0,18.0
2023-12-31,28.6139,77.209,18.7,69.4,14.4
2023-01-01,19.076,72.8777,15.9,76.8,0.6
2023-01-02,19.076,72.8777,21.3,90.4,2.5
2023-01-03,19.076,72.8777,22.4,63.9,15.1
2023-01-04,19.076,72.8777,14.4,85.5,0.6
2023-01-05,19.076,72.8777,20.9,89.3,12.5
2023-01-06,19.076,72.8777,16.4,100.0,3.9
2023-01-07,19.076,72.8777,16.6,85.7,14.1
2023-01-08,19.076,72.8777,20.6,84.6,17.0
2023-01-09,19.076,72.8777,23.4,79.3,8.4
2023-01-10,19.076,72.8777,20.1,71.3,14.7
2023-01-11,19.076,72.8777,21.0,64.8,8.0
2023-01-12,19.076,72.8777,22.1,56.3,12.7
2023-01-13,19.076,72.8777,22.6,75.5,5.0
2023-01-14,19.076,72.8777,21.7,84.0,13.0
2023-01-15,19.076,72.8777,18.9,79.1,10.4
2023-01-16,19.076,72.8777,22.8,81.7,19.9
2023-01-17,19.076,72.8777,23.7,77.0,5.5
2023-01-18,19.076,72.8777,19.4,77.1,6.2
2023-01-19,19.076,72.8777,17.5,85.9,1.5
2023-01-20,19.076,72.8777,29.2,76.3,4.4
2023-01-21,19.076,72.8777,22.8,55.7,7.4
2023-01-22,19.076,72.8777,23.5,59.2,18.7
2023-01-23,19.076,72.8777,23.6,73.3,7.3
2023-01-24,19.076,72.8777,28.8,65.8,8.9
2023-01-25,19.076,72.8777,18.8,87.2,11.5
2023-01-26,19.076,72.8777,26.3,79.4,7.1
2023-01-27,19.076,72.8777,20.7,76.0,0.3
2023-01-28,19.076,72.8777,22.6,100.0,12.9
2023-01-29,19.076,72.8777,27.0,75.2,3.2
2023-01-30,19.076,72.8777,24.3,66.8,7.5
2023-01-31,19.076,72.8777,23.6,77.6,14.1
2023-02-01,19.076,72.8777,25.4,83.8,11.5
2023-02-02,19.076,72.8777,23.2,82.7,7.5
2023-02-03,19.076,72.8777,27.7,77.2,14.5
2023-02-04,19.076,72.8777,27.4,57.6,4.6
2023-02-05,19.076,72.8777,23.6,58.9,1.5
2023-02-06,19.076,72.8777,23.6,69.0,8.3
2023-02-07,19.076,72.8777,33.5,60.3,9.3
2023-02-08,19.076,72.8777,25.4,82.1,19.3
2023-02-09,19.076,72.8777,26.6,67.6,8.5
2023-02-10,19.076,72.8777,27.4,78.6,2.5
2023-02-11,19.076,72.8777,21.3,87.9,12.4
2023-02-12,19.076,72.8777,27.8,79.5,4.8
2023-02-13,19.076,72.8777,26.5,85.2,8.5
2023-02-14,19.076,72.8777,22.4,77.2,17.7
2023-02-15,19.076,72.8777,30.2,77.7,7.1
2023-02-16,19.076,72.8777,28.9,70.5,5.9
2023-02-17,19.076,72.8777,29.6,61.5,3.7
2023-02-18,19.076,72.8777,30.0,73.4,9.9
2023-02-19,19.076,72.8777,30.0,73.3,17.6
2023-02-20,19.076,72.8777,24.8,70.1,19.5
2023-02-21,19.076,72.8777,23.9,92.8,19.1
2023-02-22,19.076,72.8777,29.4,48.3,13.8
2023-02-23,19.076,72.8777,37.0,71.0,9.4
2023-02-24,19.076,72.8777,27.8,70.7,8.1
2023-02-25,19.076,72.8777,25.1,69.6,8.5
2023-02-26,19.076,72.8777,28.8,66.2,15.2
2023-02-27,19.076,72.8777,26.8,80.5,11.8
2023-02-28,19.076,72.8777,27.7,71.2,16.3
2023-03-01,19.076,72.8777,26.8,76.2,16.7
2023-03-02,19.076,72.8777,27.0,85.0,11.3
2023-03-03,19.076,72.8777,28.6,60.3,17.0
2023-03-04,19.076,72.8777,27.3,81.7,11.2
2023-03-05,19.076,72.8777,30.7,70.9,8.1
2023-03-06,19.076,72.8777,31.2,71.1,12.4
2023-03-07,19.076,72.8777,31.6,64.5,3.2
2023-03-08,19.076,72.8777,27.8,68.6,13.0
2023-03-09,19.076,72.8777,28.6,63.9,8.1
2023-03-10,19.076,72.8777,30.3,70.7,19.8
2023-03-11,19.076,72.8777,31.2,62.7,8.6
2023-03-12,19.076,72.8777,27.1,79.9,6.5
2023-03-13,19.076,72.8777,25.9,83.1,19.1
2023-03-14,19.076,72.8777,22.6,93.2,10.2
2023-03-15,19.076,72.8777,30.0,83.6,12.5
2023-03-16,19.076,72.8777,28.2,66.4,10.0
2023-03-17,19.076,72.8777,31.9,61.4,19.3
2023-03-18,19.076,72.8777,33.1,68.4,3.8
2023-03-19,19.076,72.8777,30.5,57.1,11.3
2023-03-20,19.076,72.8777,31.1,75.6,16.8
2023-03-21,19.076,72.8777,33.0,69.5,5.5
2023-03-22,19.076,72.8777,27.8,65.2,11.7
2023-03-23,19.076,72.8777,31.0,77.9,14.5
2023-03-24,19.076,72.8777,26.6,83.3,11.4
2023-03-25,19.076,72.8777,29.2,74.2,0.2
2023-03-26,19.076,72.8777,27.9,65.0,13.4
2023-03-27,19.076,72.8777,26.7,55.7,18.6
2023-03-28,19.076,72.8777,34.0,58.5,14.8
2023-03-29,19.076,72.8777,30.4,76.9,18.0
2023-03-30,19.076,72.8777,37.0,65.7,11.1
2023-03-31,19.076,72.8777,24.9,76.1,19.1
2023-04-01,19.076,72.8777,30.8,68.9,19.2
2023-04-02,19.076,72.8777,26.3,78.3,7.2
2023-04-03,19.076,72.8777,27.1,63.0,15.0
2023-04-04,19.076,72.8777,31.2,72.0,11.3
2023-04-05,19.076,72.8777,26.1,62.8,7.5
2023-04-06,19.076,72.8777,30.9,55.7,18.0
2023-04-07,19.076,72.8777,28.9,83.9,8.0
2023-04-08,19.076,72.8777,33.3,62.6,10.7
2023-04-09,19.076,72.8777,29.9,58.0,17.5
2023-04-10,19.076,72.8777,32.1,51.3,6.9
2023-04-11,19.076,72.8777,34.6,74.1,15.1
2023-04-12,19.076,72.8777,34.6,44.7,10.9
2023-04-13,19.076,72.8777,29.9,78.7,0.9
2023-04-14,19.076,72.8777,31.9,52.3,15.2
2023-04-15,19.076,72.8777,28.2,70.8,4.3
2023-04-16,19.076,72.8777,34.8,68.2,15.9
2023-04-17,19.076,72.8777,32.1,74.0,9.2
2023-04-18,19.076,72.8777,25.5,69.0,9.9
2023-04-19,19.076,72.8777,34.6,66.3,6.4
2023-04-20,19.076,72.8777,30.1,93.6,5.9
2023-04-21,19.076,72.8777,26.8,64.1,10.9
2023-04-22,19.076,72.8777,29.5,62.4,11.3
2023-04-23,19.076,72.8777,28.7,68.6,2.1
2023-04-24,19.076,72.8777,30.9,68.6,14.4
2023-04-25,19.076,72.8777,32.6,65.2,0.3
2023-04-26,19.076,72.8777,32.5,46.5,6.4
2023-04-27,19.076,72.8777,27.8,73.9,6.8
2023-04-28,19.076,72.8777,31.0,55.0,12.3
2023-04-29,19.076,72.8777,33.0,71.8,0.2
2023-04-30,19.076,72.8777,34.4,72.4,7.0
2023-05-01,19.076,72.8777,29.1,89.3,1.7
2023-05-02,19.076,72.8777,25.7,79.9,13.3
2023-05-03,19.076,72.8777,27.8,77.5,6.6
2023-05-04,19.076,72.8777,28.7,71.0,19.2
2023-05-05,19.076,72.8777,26.1,64.7,18.1
2023-05-06,19.076,72.8777,32.1,52.8,14.2
2023-05-07,19.076,72.8777,23.5,75.6,6.7
2023-05-08,19.076,72.8777,24.5,81.7,2.5
2023-05-09,19.076,72.8777,29.5,56.3,3.1
2023-05-10,19.076,72.8777,27.9,55.9,1.6
2023-05-11,19.076,72.8777,27.6,83.1,5.3
2023-05-12,19.076,72.8777,25.3,84.5,10.4
2023-05-13,19.076,72.8777,29.1,60.5,13.7
2023-05-14,19.076,72.8777,22.7,54.7,1.3
2023-05-15,19.076,72.8777,22.0,66.3,12.9
2023-05-16,19.076,72.8777,29.5,54.3,17.3
2023-05-17,19.076,72.8777,28.5,79.7,18.1
2023-05-18,19.076,72.8777,27.4,54.9,19.2
2023-05-19,19.076,72.8777,28.5,89.2,8.5
2023-05-20,19.076,72.8777,24.0,73.3,13.8
2023-05-21,19.076,72.8777,23.6,82.1,13.7
2023-05-22,19.076,72.8777,24.0,76.0,1.5
2023-05-23,19.076,72.8777,26.0,89.3,17.7
2023-05-24,19.076,72.8777,28.6,72.5,18.1
2023-05-25,19.076,72.8777,25.3,74.8,12.5
2023-05-26,19.076,72.8777,24.4,53.9,13.9
2023-05-27,19.076,72.8777,33.1,60.0,9.1
2023-05-28,19.076,72.8777,25.0,85.6,10.1
2023-05-29,19.076,72.8777,26.3,87.6,19.7
2023-05-30,19.076,72.8777,30.2,61.9,17.8
2023-05-31,19.076,72.8777,23.5,86.5,13.7
2023-06-01,19.076,72.8777,20.5,74.1,16.7
2023-06-02,19.076,72.8777,22.6,81.0,11.9
2023-06-03,19.076,72.8777,24.9,82.3,8.3
2023-06-04,19.076,72.8777,25.1,68.0,12.8
2023-06-05,19.076,72.8777,30.6,56.3,16.8
2023-06-06,19.076,72.8777,23.7,71.4,15.3
2023-06-07,19.076,72.8777,28.0,75.7,14.8
2023-06-08,19.076,72.8777,23.0,84.6,13.6
2023-06-09,19.076,72.8777,23.8,77.0,11.5
2023-06-10,19.076,72.8777,24.7,78.1,10.2
2023-06-11,19.076,72.8777,24.7,68.2,8.6
2023-06-12,19.076,72.8777,20.4,70.0,13.2
2023-06-13,19.076,72.8777,23.3,77.6,8.4
2023-06-14,19.076,72.8777,20.1,92.2,17.5
2023-06-15,19.076,72.8777,26.9,71.6,16.6
2023-06-16,19.076,72.8777,21.5,75.8,0.5
2023-06-17,19.076,72.8777,21.0,56.9,13.7
2023-06-18,19.076,72.8777,21.1,86.0,18.2
2023-06-19,19.076,72.8777,20.9,75.8,2.8
2023-06-20,19.076,72.8777,24.7,65.3,18.2
2023-06-21,19.076,72.8777,22.2,64.6,19.8
2023-06-22,19.076,72.8777,19.1,76.8,14.7
2023-06-23,19.076,72.8777,21.9,80.8,16.1
2023-06-24,19.076,72.8777,19.0,90.6,12.3
2023-06-25,19.076,72.8777,17.4,81.8,12.9
2023-06-26,19.076,72.8777,23.0,72.0,14.8
2023-06-27,19.076,72.8777,19.3,73.5,7.0
2023-06-28,19.076,72.8777,23.5,69.7,5.0
2023-06-29,19.076,72.8777,20.0,87.5,6.9
2023-06-30,19.076,72.8777,22.6,73.0,18.9
2023-07-01,19.076,72.8777,16.1,94.1,11.4
2023-07-02,19.076,72.8777,15.8,82.7,12.7
2023-07-03,19.076,72.8777,17.9,77.4,9.1
2023-07-04,19.076,72.8777,20.2,68.0,15.7
2023-07-05,19.076,72.8777,21.9,71.5,13.5
2023-07-06,19.076,72.8777,17.1,88.9,7.1
2023-07-07,19.076,72.8777,21.4,72.5,12.0
2023-07-08,19.076,72.8777,21.5,94.7,9.7
2023-07-09,19.076,72.8777,19.2,87.7,15.5
2023-07-10,19.076,72.8777,13.2,72.3,17.0
2023-07-11,19.076,72.8777,21.7,83.7,4.0
2023-07-12,19.076,72.8777,19.4,66.6,6.5
2023-07-13,19.076,72.8777,13.7,92.7,4.6
2023-07-14,19.076,72.8777,17.8,87.5,3.1
2023-07-15,19.076,72.8777,20.1,63.2,1.9
2023-07-16,19.076,72.8777,12.0,89.7,18.1
2023-07-17,19.076,72.8777,20.5,85.6,16.9
2023-07-18,19.076,72.8777,16.1,84.6,6.0
2023-07-19,19.076,72.8777,17.4,93.2,3.4
2023-07-20,19.076,72.8777,17.7,89.6,18.8
2023-07-21,19.076,72.8777,19.8,83.0,18.8
2023-07-22,19.076,72.8777,13.1,85.3,11.6
2023-07-23,19.076,72.8777,13.9,74.1,11.6
2023-07-24,19.076,72.8777,14.4,73.6,5.7
2023-07-25,19.076,72.8777,13.0,79.3,2.9
2023-07-26,19.076,72.8777,15.3,95.7,3.6
2023-07-27,19.076,72.8777,17.7,79.4,11.9
2023-07-28,19.076,72.8777,15.5,87.6,2.8
2023-07-29,19.076,72.8777,21.3,48.3,15.2
2023-07-30,19.076,72.8777,17.5,76.7,19.3
2023-07-31,19.076,72.8777,18.9,87.5,11.9
2023-08-01,19.076,72.8777,15.4,94.0,14.0
2023-08-02,19.076,72.8777,12.6,80.7,16.1
2023-08-03,19.076,72.8777,11.8,91.5,19.4
2023-08-04,19.076,72.8777,10.7,86.5,0.4
2023-08-05,19.076,72.8777,12.8,91.2,10.8
2023-08-06,19.076,72.8777,8.4,83.6,6.8
2023-08-07,19.076,72.8777,14.1,94.9,2.9
2023-08-08,19.076,72.8777,15.6,85.2,13.6
2023-08-09,19.076,72.8777,11.7,87.0,6.4
2023-08-10,19.076,72.8777,14.8,82.2,17.5
2023-08-11,19.076,72.8777,15.0,73.1,13.3
2023-08-12,19.076,72.8777,15.3,96.5,7.5
2023-08-13,19.076,72.8777,5.2,96.4,13.0
2023-08-14,19.076,72.8777,12.9,68.6,16.8
2023-08-15,19.076,72.8777,17.2,82.9,4.0
2023-08-16,19.076,72.8777,11.5,78.6,19.4
2023-08-17,19.076,72.8777,4.2,83.0,8.9
2023-08-18,19.076,72.8777,13.3,100.0,5.9
2023-08-19,19.076,72.8777,16.1,78.5,11.6
2023-08-20,19.076,72.8777,10.0,100.0,6.9
2023-08-21,19.076,72.8777,21.1,79.5,14.5
2023-08-22,19.076,72.8777,10.6,82.7,16.0
2023-08-23,19.076,72.8777,10.7,94.3,17.0
2023-08-24,19.076,72.8777,12.5,100.0,14.0
2023-08-25,19.076,72.8777,17.4,90.3,0.9
2023-08-26,19.076,72.8777,12.0,89.4,8.3
2023-08-27,19.076,72.8777,10.3,77.8,12.7
2023-08-28,19.076,72.8777,9.4,100.0,13.8
2023-08-29,19.076,72.8777,17.7,59.2,7.1
2023-08-30,19.076,72.8777,9.3,79.6,0.6
2023-08-31,19.076,72.8777,11.1,91.6,0.7
2023-09-01,19.076,72.8777,11.0,92.4,14.6
2023-09-02,19.076,72.8777,8.8,100.0,6.1
2023-09-03,19.076,72.8777,13.1,82.3,20.0
2023-09-04,19.076,72.8777,11.2,82.4,9.5
2023-09-05,19.076,72.8777,9.2,83.4,7.2
2023-09-06,19.076,72.8777,10.5,83.0,16.7
2023-09-07,19.076,72.8777,12.1,78.4,6.5
2023-09-08,19.076,72.8777,7.9,85.8,7.0
2023-09-09,19.076,72.8777,15.1,82.2,5.3
2023-09-10,19.076,72.8777,7.3,90.8,3.8
2023-09-11,19.076,72.8777,11.0,90.3,13.1
2023-09-12,19.076,72.8777,8.1,86.9,11.6
2023-09-13,19.076,72.8777,8.9,100.0,17.8
2023-09-14,19.076,72.8777,7.9,86.8,12.9
2023-09-15,19.076,72.8777,9.2,85.1,15.7
2023-09-16,19.076,72.8777,8.8,97.1,16.7
2023-09-17,19.076,72.8777,14.1,94.6,14.0
2023-09-18,19.076,72.8777,11.4,90.6,4.6
2023-09-19,19.076,72.8777,10.1,97.7,7.5
2023-09-20,19.076,72.8777,6.9,100.0,14.7
2023-09-21,19.076,72.8777,10.0,97.0,2.0
2023-09-22,19.076,72.8777,14.7,78.2,16.2
2023-09-23,19.076,72.8777,13.4,75.7,1.7
2023-09-24,19.076,72.8777,9.4,97.2,0.4
2023-09-25,19.076,72.8777,14.6,96.0,13.6
2023-09-26,19.076,72.8777,9.7,79.2,17.1
2023-09-27,19.076,72.8777,12.6,84.8,8.5
2023-09-28,19.076,72.8777,9.8,93.3,14.4
2023-09-29,19.076,72.8777,9.3,99.7,13.0
2023-09-30,19.076,72.8777,16.6,85.6,7.9
2023-10-01,19.076,72.8777,7.7,100.0,5.0
2023-10-02,19.076,72.8777,8.1,95.4,3.0
2023-10-03,19.076,72.8777,13.2,70.4,3.8
2023-10-04,19.076,72.8777,12.1,82.3,11.6
2023-10-05,19.076,72.8777,17.8,72.6,12.7
2023-10-06,19.076,72.8777,5.8,100.0,8.0
2023-10-07,19.076,72.8777,3.9,95.7,8.4
2023-10-08,19.076,72.8777,7.8,80.2,10.2
2023-10-09,19.076,72.8777,4.3,99.9,7.4
2023-10-10,19.076,72.8777,8.6,97.1,18.4
2023-10-11,19.076,72.8777,15.3,82.6,13.8
2023-10-12,19.076,72.8777,7.9,97.6,5.7
2023-10-13,19.076,72.8777,8.2,64.7,7.9
2023-10-14,19.076,72.8777,11.7,88.6,7.5
2023-10-15,19.076,72.8777,6.2,87.1,19.4
2023-10-16,19.076,72.8777,11.0,94.7,19.1
2023-10-17,19.076,72.8777,10.4,86.3,6.2
2023-10-18,19.076,72.8777,9.1,100.0,3.0
2023-10-19,19.076,72.8777,7.3,74.4,9.3
2023-10-20,19.076,72.8777,7.2,82.7,3.0
2023-10-21,19.076,72.8777,14.5,94.0,11.7
2023-10-22,19.076,72.8777,19.0,80.7,8.5
2023-10-23,19.076,72.8777,5.5,100.0,1.2
2023-10-24,19.076,72.8777,11.4,83.9,11.7
2023-10-25,19.076,72.8777,8.9,100.0,11.0
2023-10-26,19.076,72.8777,10.3,100.0,8.5
2023-10-27,19.076,72.8777,7.8,78.5,9.3
2023-10-28,19.076,72.8777,7.2,90.8,2.3
2023-10-29,19.076,72.8777,12.3,92.6,16.6
2023-10-30,19.076,72.8777,8.6,100.0,19.6
2023-10-31,19.076,72.8777,11.1,96.3,18.4
2023-11-01,19.076,72.8777,9.9,79.0,9.5
2023-11-02,19.076,72.8777,8.5,96.3,8.7
2023-11-03,19.076,72.8777,6.6,100.0,18.3
2023-11-04,19.076,72.8777,8.4,86.3,8.4
2023-11-05,19.076,72.8777,14.3,83.4,9.1
2023-11-06,19.076,72.8777,13.3,85.4,4.0
2023-11-07,19.076,72.8777,9.9,78.1,14.1
2023-11-08,19.076,72.8777,10.6,77.8,2.3
2023-11-09,19.076,72.8777,16.6,81.8,3.1
2023-11-10,19.076,72.8777,14.0,94.7,0.5
2023-11-11,19.076,72.8777,10.5,97.9,14.2
2023-11-12,19.076,72.8777,13.5,88.9,13.8
2023-11-13,19.076,72.8777,16.3,93.5,5.2
2023-11-14,19.076,72.8777,16.0,87.3,1.2
2023-11-15,19.076,72.8777,13.6,82.2,4.7
2023-11-16,19.076,72.8777,10.5,78.8,3.4
2023-11-17,19.076,72.8777,15.0,90.8,13.6
2023-11-18,19.076,72.8777,6.7,100.0,16.1
2023-11-19,19.076,72.8777,13.3,100.0,14.8
2023-11-20,19.076,72.8777,14.0,87.9,8.7
2023-11-21,19.076,72.8777,11.2,82.8,7.9
2023-11-22,19.076,72.8777,15.3,77.0,7.7
2023-11-23,19.076,72.8777,14.2,90.1,1.8
2023-11-24,19.076,72.8777,13.8,50.8,9.9
2023-11-25,19.076,72.8777,17.1,76.5,0.5
2023-11-26,19.076,72.8777,10.7,92.7,15.1
2023-11-27,19.076,72.8777,11.9,93.3,0.0
2023-11-28,19.076,72.8777,13.9,89.1,1.2
2023-11-29,19.076,72.8777,11.4,88.2,2.4
2023-11-30,19.076,72.8777,13.7,74.4,19.2
2023-12-01,19.076,72.8777,9.9,98.0,14.7
2023-12-02,19.076,72.8777,17.9,86.5,6.4
2023-12-03,19.076,72.8777,12.9,77.8,7.5
2023-12-04,19.076,72.8777,17.8,70.2,19.5
2023-12-05,19.076,72.8777,12.7,92.3,12.8
2023-12-06,19.076,72.8777,15.6,94.7,8.0
2023-12-07,19.076,72.8777,14.3,100.0,3.4
2023-12-08,19.076,72.8777,11.9,95.8,9.4
2023-12-09,19.076,72.8777,15.1,89.6,11.4
2023-12-10,19.076,72.8777,17.7,77.9,10.8
2023-12-11,19.076,72.8777,16.9,60.4,10.0
2023-12-12,19.076,72.8777,15.9,75.3,15.6
2023-12-13,19.076,72.8777,16.1,79.5,4.6
2023-12-14,19.076,72.8777,19.7,54.6,13.3
2023-12-15,19.076,72.8777,11.3,100.0,11.4
2023-12-16,19.076,72.8777,22.6,79.0,16.3
2023-12-17,19.076,72.8777,15.6,93.4,12.5
2023-12-18,19.076,72.8777,16.1,75.4,1.6
2023-12-19,19.076,72.8777,23.8,89.2,13.3
2023-12-20,19.076,72.8777,24.3,82.3,10.2
2023-12-21,19.076,72.8777,19.3,88.0,9.8
2023-12-22,19.076,72.8777,22.2,80.5,6.4
2023-12-23,19.076,72.8777,17.1,94.1,1.4
2023-12-24,19.076,72.8777,21.7,77.5,19.8
2023-12-25,19.076,72.8777,22.0,72.9,17.9
2023-12-26,19.076,72.8777,22.4,87.7,0.3
2023-12-27,19.076,72.8777,18.8,67.7,20.0
2023-12-28,19.076,72.8777,20.0,100.0,7.8
2023-12-29,19.076,72.8777,24.4,73.9,1.2
2023-12-30,19.076,72.8777,18.4,81.7,10.1
2023-12-31,19.076,72.8777,20.0,98.5,6.7
2023-01-01,13.0827,80.2707,28.5,73.2,4.4
2023-01-02,13.0827,80.2707,21.9,79.7,17.8
2023-01-03,13.0827,80.2707,16.1,85.6,12.7
2023-01-04,13.0827,80.2707,22.8,79.1,13.3
2023-01-05,13.0827,80.2707,16.6,97.0,6.1
2023-01-06,13.0827,80.2707,21.5,79.6,13.4
2023-01-07,13.0827,80.2707,17.9,93.6,7.3
2023-01-08,13.0827,80.2707,20.2,77.3,9.9
2023-01-09,13.0827,80.2707,19.0,96.2,18.4
2023-01-10,13.0827,80.2707,22.1,73.2,11.7
2023-01-11,13.0827,80.2707,25.1,76.8,12.5
2023-01-12,13.0827,80.2707,22.2,73.7,9.6
2023-01-13,13.0827,80.2707,18.3,86.0,12.2
2023-01-14,13.0827,80.2707,22.9,86.9,18.7
2023-01-15,13.0827,80.2707,24.8,88.6,1.1
2023-01-16,13.0827,80.2707,24.3,65.3,1.1
2023-01-17,13.0827,80.2707,20.9,75.4,13.9
2023-01-18,13.0827,80.2707,22.6,86.0,15.6
2023-01-19,13.0827,80.2707,21.7,60.1,7.2
2023-01-20,13.0827,80.2707,23.4,69.0,6.2
2023-01-21,13.0827,80.2707,26.8,79.1,0.4
2023-01-22,13.0827,80.2707,26.2,72.9,1.7
2023-01-23,13.0827,80.2707,25.8,83.0,3.0
2023-01-24,13.0827,80.2707,31.9,78.1,15.8
2023-01-25,13.0827,80.2707,26.1,79.5,18.1
2023-01-26,13.0827,80.2707,22.9,84.6,6.9
2023-01-27,13.0827,80.2707,28.7,62.1,17.8
2023-01-28,13.0827,80.2707,25.7,63.8,19.1
2023-01-29,13.0827,80.2707,26.3,63.6,4.8
2023-01-30,13.0827,80.2707,20.9,84.0,13.8
2023-01-31,13.0827,80.2707,22.5,83.7,2.7
2023-02-01,13.0827,80.2707,28.0,85.7,3.6
2023-02-02,13.0827,80.2707,31.3,73.1,16.4
2023-02-03,13.0827,80.2707,22.6,66.0,10.0
2023-02-04,13.0827,80.2707,26.9,88.4,17.1
2023-02-05,13.0827,80.2707,22.2,77.9,9.6
2023-02-06,13.0827,80.2707,29.8,70.7,5.7
2023-02-07,13.0827,80.2707,27.8,86.7,15.4
2023-02-08,13.0827,80.2707,27.6,77.2,19.5
2023-02-09,13.0827,80.2707,24.3,88.8,12.9
2023-02-10,13.0827,80.2707,26.3,77.7,6.1
2023-02-11,13.0827,80.2707,27.3,75.5,9.4
2023-02-12,13.0827,80.2707,24.8,67.4,10.3
2023-02-13,13.0827,80.2707,27.3,67.6,2.3
2023-02-14,13.0827,80.2707,21.7,67.8,14.2
2023-02-15,13.0827,80.2707,28.9,73.5,18.0
2023-02-16,13.0827,80.2707,21.8,92.1,18.3
2023-02-17,13.0827,80.2707,31.0,50.3,2.2
2023-02-18,13.0827,80.2707,28.4,57.6,3.9
2023-02-19,13.0827,80.2707,23.8,76.2,2.1
2023-02-20,13.0827,80.2707,29.0,59.4,7.2
2023-02-21,13.0827,80.2707,26.5,71.5,1.4
2023-02-22,13.0827,80.2707,25.0,67.7,14.3
2023-02-23,13.0827,80.2707,30.8,44.1,2.2
2023-02-24,13.0827,80.2707,26.5,90.2,14.0
2023-02-25,13.0827,80.2707,30.6,60.3,16.9
2023-02-26,13.0827,80.2707,24.2,80.4,13.9
2023-02-27,13.0827,80.2707,26.9,53.7,13.0
2023-02-28,13.0827,80.2707,27.1,74.1,18.1
2023-03-01,13.0827,80.2707,22.0,97.9,4.0
2023-03-02,13.0827,80.2707,31.0,56.7,20.0
2023-03-03,13.0827,80.2707,28.3,81.3,16.9
2023-03-04,13.0827,80.2707,29.6,62.8,16.2
2023-03-05,13.0827,80.2707,29.2,90.9,0.3
2023-03-06,13.0827,80.2707,30.4,66.1,3.3
2023-03-07,13.0827,80.2707,30.2,63.8,14.7
2023-03-08,13.0827,80.2707,30.9,69.8,7.4
2023-03-09,13.0827,80.2707,26.0,74.8,19.5
2023-03-10,13.0827,80.2707,34.6,35.8,9.5
2023-03-11,13.0827,80.2707,31.9,65.2,5.5
2023-03-12,13.0827,80.2707,27.1,90.1,17.2
2023-03-13,13.0827,80.2707,33.1,55.2,1.9
2023-03-14,13.0827,80.2707,31.4,52.9,12.2
2023-03-15,13.0827,80.2707,25.8,88.6,3.4
2023-03-16,13.0827,80.2707,27.8,72.9,4.2
2023-03-17,13.0827,80.2707,29.6,60.1,18.0
2023-03-18,13.0827,80.2707,30.1,67.9,10.5
2023-03-19,13.0827,80.2707,25.2,81.1,11.3
2023-03-20,13.0827,80.2707,33.2,75.1,17.2
2023-03-21,13.0827,80.2707,33.8,66.6,0.1
2023-03-22,13.0827,80.2707,35.1,62.3,2.6
2023-03-23,13.0827,80.2707,36.3,61.6,14.3
2023-03-24,13.0827,80.2707,28.8,76.0,12.3
2023-03-25,13.0827,80.2707,30.0,65.8,13.3
2023-03-26,13.0827,80.2707,28.1,64.4,19.1
2023-03-27,13.0827,80.2707,26.9,81.2,8.8
2023-03-28,13.0827,80.2707,31.8,55.0,15.9
2023-03-29,13.0827,80.2707,30.2,68.3,4.3
2023-03-30,13.0827,80.2707,26.1,76.1,13.3
2023-03-31,13.0827,80.2707,25.9,85.8,8.4
2023-04-01,13.0827,80.2707,28.7,65.3,3.7
2023-04-02,13.0827,80.2707,34.4,79.3,4.3
2023-04-03,13.0827,80.2707,29.6,66.2,10.0
2023-04-04,13.0827,80.2707,33.6,60.4,14.9
2023-04-05,13.0827,80.2707,29.7,76.1,2.1
2023-04-06,13.0827,80.2707,32.0,65.9,1.1
2023-04-07,13.0827,80.2707,34.6,74.7,11.0
2023-04-08,13.0827,80.2707,36.6,75.0,13.2
2023-04-09,13.0827,80.2707,27.0,76.0,4.5
2023-04-10,13.0827,80.2707,29.6,87.0,19.9
2023-04-11,13.0827,80.2707,30.9,61.8,8.2
2023-04-12,13.0827,80.2707,36.0,60.6,1.3
2023-04-13,13.0827,80.2707,31.1,64.8,11.1
2023-04-14,13.0827,80.2707,33.6,76.1,3.2
2023-04-15,13.0827,80.2707,31.3,62.9,17.9
2023-04-16,13.0827,80.2707,28.2,74.9,5.2
2023-04-17,13.0827,80.2707,32.2,68.2,7.9
2023-04-18,13.0827,80.2707,32.3,60.0,13.5
2023-04-19,13.0827,80.2707,29.5,82.9,20.0
2023-04-20,13.0827,80.2707,29.6,82.3,15.3
2023-04-21,13.0827,80.2707,29.8,54.9,11.9
2023-04-22,13.0827,80.2707,28.7,69.1,18.0
2023-04-23,13.0827,80.2707,25.4,74.2,12.3
2023-04-24,13.0827,80.2707,25.8,81.8,8.0
2023-04-25,13.0827,80.2707,33.0,60.4,3.8
2023-04-26,13.0827,80.2707,30.1,77.0,13.8
2023-04-27,13.0827,80.2707,31.1,49.8,9.9
2023-04-28,13.0827,80.2707,27.4,53.3,8.5
2023-04-29,13.0827,80.2707,31.0,59.0,16.7
2023-04-30,13.0827,80.2707,30.3,72.7,10.8
2023-05-01,13.0827,80.2707,29.7,73.2,8.3
2023-05-02,13.0827,80.2707,26.7,86.2,8.2
2023-05-03,13.0827,80.2707,29.7,96.7,2.1
2023-05-04,13.0827,80.2707,28.8,70.2,2.2
2023-05-05,13.0827,80.2707,26.7,92.9,11.1
2023-05-06,13.0827,80.2707,24.8,76.4,7.8
2023-05-07,13.0827,80.2707,26.9,87.4,11.8
2023-05-08,13.0827,80.2707,28.9,63.9,0.3
2023-05-09,13.0827,80.2707,29.7,72.1,0.1
2023-05-10,13.0827,80.2707,26.9,83.6,13.4
2023-05-11,13.0827,80.2707,27.1,77.8,2.1
2023-05-12,13.0827,80.2707,25.6,76.9,18.8
2023-05-13,13.0827,80.2707,35.8,72.8,2.5
2023-05-14,13.0827,80.2707,26.9,80.7,18.3
2023-05-15,13.0827,80.2707,25.7,70.6,19.9
2023-05-16,13.0827,80.2707,24.4,71.7,6.7
2023-05-17,13.0827,80.2707,23.3,71.7,4.6
2023-05-18,13.0827,80.2707,28.9,69.2,9.6
2023-05-19,13.0827,80.2707,25.0,72.2,17.3
2023-05-20,13.0827,80.2707,26.3,75.5,13.6
2023-05-21,13.0827,80.2707,28.5,65.7,10.9
2023-05-22,13.0827,80.2707,26.6,74.5,11.3
2023-05-23,13.0827,80.2707,29.8,74.5,6.5
2023-05-24,13.0827,80.2707,27.9,83.5,17.9
2023-05-25,13.0827,80.2707,24.7,82.7,2.5
2023-05-26,13.0827,80.2707,26.1,75.6,19.0
2023-05-27,13.0827,80.2707,25.3,82.1,9.6
2023-05-28,13.0827,80.2707,23.0,88.4,8.7
2023-05-29,13.0827,80.2707,27.9,68.5,12.7
2023-05-30,13.0827,80.2707,28.9,80.0,15.9
2023-05-31,13.0827,80.2707,20.6,71.3,9.0
2023-06-01,13.0827,80.2707,31.3,61.4,10.5
2023-06-02,13.0827,80.2707,25.9,66.1,4.4
2023-06-03,13.0827,80.2707,23.0,73.3,8.6
2023-06-04,13.0827,80.2707,22.1,82.8,3.0
2023-06-05,13.0827,80.2707,27.8,86.0,1.6
2023-06-06,13.0827,80.2707,31.6,74.7,7.2
2023-06-07,13.0827,80.2707,25.8,80.8,14.1
2023-06-08,13.0827,80.2707,19.8,86.9,11.4
2023-06-09,13.0827,80.2707,23.9,74.4,5.6
2023-06-10,13.0827,80.2707,19.5,83.5,18.5
2023-06-11,13.0827,80.2707,25.1,68.5,19.9
2023-06-12,13.0827,80.2707,22.5,89.2,13.1
2023-06-13,13.0827,80.2707,21.9,72.6,3.0
2023-06-14,13.0827,80.2707,24.3,60.5,14.6
2023-06-15,13.0827,80.2707,21.6,70.2,3.1
2023-06-16,13.0827,80.2707,22.1,80.8,8.2
2023-06-17,13.0827,80.2707,23.9,70.3,12.8
2023-06-18,13.0827,80.2707,22.9,68.3,10.3
2023-06-19,13.0827,80.2707,24.7,68.1,6.4
2023-06-20,13.0827,80.2707,25.3,74.7,3.8
2023-06-21,13.0827,80.2707,24.3,86.0,16.1
2023-06-22,13.0827,80.2707,21.4,73.4,8.3
2023-06-23,13.0827,80.2707,23.3,74.9,9.0
2023-06-24,13.0827,80.2707,23.2,91.5,19.6
2023-06-25,13.0827,80.2707,22.7,68.3,9.0
2023-06-26,13.0827,80.2707,17.8,88.5,12.3
2023-06-27,13.0827,80.2707,17.2,85.6,18.0
2023-06-28,13.0827,80.2707,23.7,55.9,3.7
2023-06-29,13.0827,80.2707,24.4,78.4,15.0
2023-06-30,13.0827,80.2707,20.0,76.8,2.0
2023-07-01,13.0827,80.2707,21.9,70.2,17.6
2023-07-02,13.0827,80.2707,19.5,71.7,2.7
2023-07-03,13.0827,80.2707,14.5,100.0,8.9
2023-07-04,13.0827,80.2707,14.7,83.5,19.4
2023-07-05,13.0827,80.2707,16.5,97.3,1.2
2023-07-06,13.0827,80.2707,19.3,87.1,13.8
2023-07-07,13.0827,80.2707,15.3,82.1,1.0
2023-07-08,13.0827,80.2707,21.3,70.1,6.0
2023-07-09,13.0827,80.2707,20.6,69.2,4.7
2023-07-10,13.0827,80.2707,17.3,87.7,6.0
2023-07-11,13.0827,80.2707,21.8,57.8,18.9
2023-07-12,13.0827,80.2707,17.3,80.6,16.0
2023-07-13,13.0827,80.2707,14.4,100.0,18.1
2023-07-14,13.0827,80.2707,18.0,69.8,11.9
2023-07-15,13.0827,80.2707,20.9,81.8,7.2
2023-07-16,13.0827,80.2707,13.9,88.9,11.4
2023-07-17,13.0827,80.2707,16.4,88.4,8.6
2023-07-18,13.0827,80.2707,16.8,91.8,10.5
2023-07-19,13.0827,80.2707,13.3,86.8,3.4
2023-07-20,13.0827,80.2707,20.2,86.1,0.2
2023-07-21,13.0827,80.2707,18.9,74.7,4.6
2023-07-22,13.0827,80.2707,17.6,84.6,16.2
2023-07-23,13.0827,80.2707,15.8,78.8,3.8
2023-07-24,13.0827,80.2707,18.1,93.9,0.3
2023-07-25,13.0827,80.2707,14.0,83.4,1.7
2023-07-26,13.0827,80.2707,18.0,68.5,12.4
2023-07-27,13.0827,80.2707,16.1,67.5,13.7
2023-07-28,13.0827,80.2707,20.7,90.5,12.6
2023-07-29,13.0827,80.2707,21.7,83.1,19.7
2023-07-30,13.0827,80.2707,15.9,69.5,5.7
2023-07-31,13.0827,80.2707,12.2,79.6,11.6
2023-08-01,13.0827,80.2707,12.2,86.3,13.6
2023-08-02,13.0827,80.2707,12.1,90.7,9.7
2023-08-03,13.0827,80.2707,12.6,100.0,7.0
2023-08-04,13.0827,80.2707,11.7,83.0,10.5
2023-08-05,13.0827,80.2707,12.0,83.9,15.7
2023-08-06,13.0827,80.2707,18.9,83.2,8.9
2023-08-07,13.0827,80.2707,12.0,100.0,6.4
2023-08-08,13.0827,80.2707,13.3,82.5,9.2
2023-08-09,13.0827,80.2707,13.1,92.3,15.1
2023-08-10,13.0827,80.2707,15.5,83.3,7.3
2023-08-11,13.0827,80.2707,18.2,85.3,2.6
2023-08-12,13.0827,80.2707,11.3,86.6,16.5
2023-08-13,13.0827,80.2707,13.2,93.0,5.4
2023-08-14,13.0827,80.2707,19.0,72.4,8.2
2023-08-15,13.0827,80.2707,12.7,87.4,15.7
2023-08-16,13.0827,80.2707,10.5,85.7,14.3
2023-08-17,13.0827,80.2707,7.0,97.8,17.1
2023-08-18,13.0827,80.2707,10.9,89.7,6.5
2023-08-19,13.0827,80.2707,15.3,88.9,2.2
2023-08-20,13.0827,80.2707,10.2,89.1,17.8
2023-08-21,13.0827,80.2707,20.9,78.5,9.6
2023-08-22,13.0827,80.2707,11.0,100.0,19.7
2023-08-23,13.0827,80.2707,8.7,82.5,0.0
2023-08-24,13.0827,80.2707,12.3,79.2,4.2
2023-08-25,13.0827,80.2707,11.5,88.1,10.4
2023-08-26,13.0827,80.2707,11.0,71.9,19.4
2023-08-27,13.0827,80.2707,12.0,100.0,16.4
2023-08-28,13.0827,80.2707,15.0,88.2,5.2
2023-08-29,13.0827,80.2707,10.7,92.4,1.8
2023-08-30,13.0827,80.2707,8.9,79.9,15.9
2023-08-31,13.0827,80.2707,8.4,99.1,13.8
2023-09-01,13.0827,80.2707,12.9,96.9,6.8
2023-09-02,13.0827,80.2707,12.4,96.3,7.3
2023-09-03,13.0827,80.2707,11.4,93.5,9.1
2023-09-04,13.0827,80.2707,13.4,83.4,14.8
2023-09-05,13.0827,80.2707,13.9,76.0,10.0
2023-09-06,13.0827,80.2707,10.0,91.7,12.6
2023-09-07,13.0827,80.2707,7.4,100.0,4.5
2023-09-08,13.0827,80.2707,7.8,81.4,9.6
2023-09-09,13.0827,80.2707,9.2,100.0,20.0
2023-09-10,13.0827,80.2707,12.5,81.2,18.4
2023-09-11,13.0827,80.2707,11.0,86.5,10.3
2023-09-12,13.0827,80.2707,2.5,97.4,11.4
2023-09-13,13.0827,80.2707,11.0,87.5,5.0
2023-09-14,13.0827,80.2707,8.8,98.1,11.4
2023-09-15,13.0827,80.2707,7.5,100.0,18.7
2023-09-16,13.0827,80.2707,3.5,92.8,2.7
2023-09-17,13.0827,80.2707,8.8,78.5,11.6
2023-09-18,13.0827,80.2707,15.7,75.5,3.3
2023-09-19,13.0827,80.2707,13.9,95.6,10.2
2023-09-20,13.0827,80.2707,11.2,89.9,11.0
2023-09-21,13.0827,80.2707,10.8,90.7,6.8
2023-09-22,13.0827,80.2707,6.7,97.9,4.1
2023-09-23,13.0827,80.2707,12.0,77.0,3.2
2023-09-24,13.0827,80.2707,8.8,100.0,14.1
2023-09-25,13.0827,80.2707,10.9,89.3,7.7
2023-09-26,13.0827,80.2707,9.6,82.0,3.6
2023-09-27,13.0827,80.2707,14.4,88.7,9.7
2023-09-28,13.0827,80.2707,8.8,100.0,16.0
2023-09-29,13.0827,80.2707,12.2,77.4,13.8
2023-09-30,13.0827,80.2707,5.7,81.5,18.2
2023-10-01,13.0827,80.2707,15.5,68.6,13.9
2023-10-02,13.0827,80.2707,9.8,100.0,4.2
2023-10-03,13.0827,80.2707,13.8,79.5,5.1
2023-10-04,13.0827,80.2707,6.6,82.2,2.6
2023-10-05,13.0827,80.2707,10.7,100.0,0.9
2023-10-06,13.0827,80.2707,8.3,94.4,18.6
2023-10-07,13.0827,80.2707,12.3,89.6,19.4
2023-10-08,13.0827,80.2707,13.2,84.4,18.6
2023-10-09,13.0827,80.2707,4.9,100.0,15.7
2023-10-10,13.0827,80.2707,8.0,81.2,0.9
2023-10-11,13.0827,80.2707,12.3,79.9,6.2
2023-10-12,13.0827,80.2707,12.6,86.7,16.0
2023-10-13,13.0827,80.2707,13.7,68.5,5.1
2023-10-14,13.0827,80.2707,20.4,70.9,3.0
2023-10-15,13.0827,80.2707,11.3,86.6,4.5
2023-10-16,13.0827,80.2707,8.6,100.0,1.7
2023-10-17,13.0827,80.2707,8.0,80.9,1.8
2023-10-18,13.0827,80.2707,7.8,96.4,11.2
2023-10-19,13.0827,80.2707,10.1,90.4,13.5
2023-10-20,13.0827,80.2707,13.1,88.9,4.4
2023-10-21,13.0827,80.2707,9.0,93.7,4.4
2023-10-22,13.0827,80.2707,6.5,80.6,12.8
2023-10-23,13.0827,80.2707,16.9,92.6,16.1
2023-10-24,13.0827,80.2707,13.8,91.1,4.9
2023-10-25,13.0827,80.2707,15.3,75.3,5.6
2023-10-26,13.0827,80.2707,10.9,91.3,14.0
2023-10-27,13.0827,80.2707,10.0,100.0,8.5
2023-10-28,13.0827,80.2707,8.5,100.0,10.8
2023-10-29,13.0827,80.2707,12.2,74.7,16.6
2023-10-30,13.0827,80.2707,11.6,81.7,3.6
2023-10-31,13.0827,80.2707,9.0,95.2,10.8
2023-11-01,13.0827,80.2707,14.2,96.8,6.4
2023-11-02,13.0827,80.2707,5.9,94.5,14.5
2023-11-03,13.0827,80.2707,10.5,81.7,16.7
2023-11-04,13.0827,80.2707,9.1,87.5,16.5
2023-11-05,13.0827,80.2707,15.3,99.1,15.0
2023-11-06,13.0827,80.2707,10.9,87.6,3.5
2023-11-07,13.0827,80.2707,10.9,89.3,14.0
2023-11-08,13.0827,80.2707,11.2,89.6,6.8
2023-11-09,13.0827,80.2707,13.0,85.3,9.4
2023-11-10,13.0827,80.2707,13.3,75.1,8.4
2023-11-11,13.0827,80.2707,11.5,91.8,15.5
2023-11-12,13.0827,80.2707,12.4,71.3,10.5
2023-11-13,13.0827,80.2707,7.3,76.6,6.2
2023-11-14,13.0827,80.2707,7.1,88.7,15.8
2023-11-15,13.0827,80.2707,11.6,93.9,5.9
2023-11-16,13.0827,80.2707,12.1,71.5,5.7
2023-11-17,13.0827,80.2707,12.3,81.3,15.6
2023-11-18,13.0827,80.2707,15.5,85.6,19.5
2023-11-19,13.0827,80.2707,14.1,79.9,18.7
2023-11-20,13.0827,80.2707,12.2,93.0,7.3
2023-11-21,13.0827,80.2707,12.8,66.1,12.5
2023-11-22,13.0827,80.2707,13.5,77.8,5.6
2023-11-23,13.0827,80.2707,15.7,68.9,8.5
2023-11-24,13.0827,80.2707,12.0,97.3,15.9
2023-11-25,13.0827,80.2707,14.1,95.4,14.1
2023-11-26,13.0827,80.2707,11.8,98.1,5.2
2023-11-27,13.0827,80.2707,13.5,77.9,14.1
2023-11-28,13.0827,80.2707,16.3,83.4,0.7
2023-11-29,13.0827,80.2707,14.5,95.8,12.1
2023-11-30,13.0827,80.2707,10.8,92.2,17.3
2023-12-01,13.0827,80.2707,7.2,85.9,10.8
2023-12-02,13.0827,80.2707,16.6,91.6,6.3
2023-12-03,13.0827,80.2707,16.1,91.9,9.7
2023-12-04,13.0827,80.2707,16.1,69.8,3.5
2023-12-05,13.0827,80.2707,17.2,75.1,5.2
2023-12-06,13.0827,80.2707,16.5,80.0,14.3
2023-12-07,13.0827,80.2707,13.6,86.4,6.8
2023-12-08,13.0827,80.2707,11.2,76.3,12.9
2023-12-09,13.0827,80.2707,18.3,70.5,15.0
2023-12-10,13.0827,80.2707,17.4,82.2,14.7
2023-12-11,13.0827,80.2707,14.6,89.6,16.1
2023-12-12,13.0827,80.2707,12.9,75.5,12.3
2023-12-13,13.0827,80.2707,18.2,77.9,13.0
2023-12-14,13.0827,80.2707,18.2,81.1,3.3
2023-12-15,13.0827,80.2707,19.1,70.6,15.4
2023-12-16,13.0827,80.2707,14.6,92.5,5.9
2023-12-17,13.0827,80.2707,11.1,79.0,12.4
2023-12-18,13.0827,80.2707,16.6,92.6,8.3
2023-12-19,13.0827,80.2707,17.4,82.1,8.9
2023-12-20,13.0827,80.2707,18.8,91.3,15.5
2023-12-21,13.0827,80.2707,18.6,100.0,10.0
2023-12-22,13.0827,80.2707,14.5,98.0,11.0
2023-12-23,13.0827,80.2707,15.3,69.4,12.0
2023-12-24,13.0827,80.2707,19.5,82.7,6.4
2023-12-25,13.0827,80.2707,18.0,97.1,5.8
2023-12-26,13.0827,80.2707,19.0,72.1,1.8
2023-12-27,13.0827,80.2707,20.3,74.0,11.0
2023-12-28,13.0827,80.2707,21.4,85.8,19.3
2023-12-29,13.0827,80.2707,13.8,86.3,7.7
2023-12-30,13.0827,80.2707,27.0,86.1,0.7
2023-12-31,13.0827,80.2707,24.1,68.0,11.9
2023-01-01,22.5726,88.3639,23.2,67.0,0.5
2023-01-02,22.5726,88.3639,14.9,77.9,10.1
2023-01-03,22.5726,88.3639,25.1,75.1,5.5
2023-01-04,22.5726,88.3639,18.9,79.3,5.4
2023-01-05,22.5726,88.3639,21.0,75.4,13.5
2023-01-06,22.5726,88.3639,20.0,78.6,13.6
2023-01-07,22.5726,88.3639,27.2,64.2,11.1
2023-01-08,22.5726,88.3639,21.6,100.0,4.2
2023-01-09,22.5726,88.3639,21.6,69.2,7.7
2023-01-10,22.5726,88.3639,17.9,75.0,14.9
2023-01-11,22.5726,88.3639,16.0,79.7,0.4
2023-01-12,22.5726,88.3639,22.6,92.8,8.3
2023-01-13,22.5726,88.3639,22.6,64.8,3.6
2023-01-14,22.5726,88.3639,25.0,87.0,14.0
2023-01-15,22.5726,88.3639,19.9,77.8,15.9
2023-01-16,22.5726,88.3639,24.3,64.3,15.8
2023-01-17,22.5726,88.3639,21.8,70.3,6.2
2023-01-18,22.5726,88.3639,24.0,75.3,10.4
2023-01-19,22.5726,88.3639,23.5,85.9,2.8
2023-01-20,22.5726,88.3639,26.4,75.5,4.0
2023-01-21,22.5726,88.3639,26.4,85.2,11.4
2023-01-22,22.5726,88.3639,23.8,79.8,8.7
2023-01-23,22.5726,88.3639,27.6,56.1,4.9
2023-01-24,22.5726,88.3639,22.1,58.4,2.7
2023-01-25,22.5726,88.3639,23.9,81.9,8.3
2023-01-26,22.5726,88.3639,26.5,64.3,18.6
2023-01-27,22.5726,88.3639,27.0,72.3,12.5
2023-01-28,22.5726,88.3639,28.4,72.1,10.0
2023-01-29,22.5726,88.3639,28.0,66.8,7.4
2023-01-30,22.5726,88.3639,24.8,69.8,4.5
2023-01-31,22.5726,88.3639,31.6,55.1,18.6
2023-02-01,22.5726,88.3639,22.8,77.6,13.4
2023-02-02,22.5726,88.3639,22.1,63.2,7.8
2023-02-03,22.5726,88.3639,24.0,82.8,10.6
2023-02-04,22.5726,88.3639,24.9,100.0,17.3
2023-02-05,22.5726,88.3639,23.8,90.3,7.8
2023-02-06,22.5726,88.3639,27.9,65.2,4.4
2023-02-07,22.5726,88.3639,29.3,71.6,11.4
2023-02-08,22.5726,88.3639,25.7,79.3,17.5
2023-02-09,22.5726,88.3639,25.8,60.3,13.1
2023-02-10,22.5726,88.3639,25.0,79.3,13.6
2023-02-11,22.5726,88.3639,27.0,65.4,15.5
2023-02-12,22.5726,88.3639,28.4,66.6,11.2
2023-02-13,22.5726,88.3639,26.2,68.2,2.8
2023-02-14,22.5726,88.3639,26.3,83.5,7.1
2023-02-15,22.5726,88.3639,24.3,78.4,0.3
2023-02-16,22.5726,88.3639,28.0,77.1,1.6
2023-02-17,22.5726,88.3639,25.2,59.6,12.7
2023-02-18,22.5726,88.3639,28.8,70.1,0.7
2023-02-19,22.5726,88.3639,31.7,59.0,5.5
2023-02-20,22.5726,88.3639,25.7,60.1,4.8
2023-02-21,22.5726,88.3639,29.6,58.5,4.7
2023-02-22,22.5726,88.3639,24.4,62.9,12.3
2023-02-23,22.5726,88.3639,26.3,83.3,7.3
2023-02-24,22.5726,88.3639,29.2,67.9,16.8
2023-02-25,22.5726,88.3639,26.8,68.4,6.7
2023-02-26,22.5726,88.3639,31.0,72.3,19.2
2023-02-27,22.5726,88.3639,31.6,66.1,3.7
2023-02-28,22.5726,88.3639,29.0,59.1,17.6
2023-03-01,22.5726,88.3639,32.8,57.6,5.8
2023-03-02,22.5726,88.3639,32.7,87.9,7.6
2023-03-03,22.5726,88.3639,26.4,81.3,11.0
2023-03-04,22.5726,88.3639,31.8,71.6,11.2
2023-03-05,22.5726,88.3639,25.4,96.7,16.0
2023-03-06,22.5726,88.3639,30.4,54.4,15.3
2023-03-07,22.5726,88.3639,32.1,65.5,18.8
2023-03-08,22.5726,88.3639,31.1,67.0,11.1
2023-03-09,22.5726,88.3639,32.1,64.4,8.6
2023-03-10,22.5726,88.3639,24.5,78.3,3.9
2023-03-11,22.5726,88.3639,29.2,79.8,8.9
2023-03-12,22.5726,88.3639,27.8,84.4,5.2
2023-03-13,22.5726,88.3639,31.0,70.7,6.5
2023-03-14,22.5726,88.3639,26.7,62.1,17.1
2023-03-15,22.5726,88.3639,29.8,52.7,0.2
2023-03-16,22.5726,88.3639,34.9,68.9,8.3
2023-03-17,22.5726,88.3639,35.9,61.5,6.1
2023-03-18,22.5726,88.3639,28.5,63.8,15.8
2023-03-19,22.5726,88.3639,32.2,58.4,5.0
2023-03-20,22.5726,88.3639,28.7,78.8,19.1
2023-03-21,22.5726,88.3639,29.0,75.8,6.5
2023-03-22,22.5726,88.3639,28.0,76.1,6.9
2023-03-23,22.5726,88.3639,31.9,68.9,6.8
2023-03-24,22.5726,88.3639,28.4,68.0,14.4
2023-03-25,22.5726,88.3639,28.4,84.4,19.5
2023-03-26,22.5726,88.3639,29.5,64.6,12.1
2023-03-27,22.5726,88.3639,33.0,77.7,4.1
2023-03-28,22.5726,88.3639,33.8,74.1,19.5
2023-03-29,22.5726,88.3639,30.5,58.4,5.5
2023-03-30,22.5726,88.3639,25.2,87.7,18.9
2023-03-31,22.5726,88.3639,29.9,74.0,7.4
2023-04-01,22.5726,88.3639,23.7,86.4,10.1
2023-04-02,22.5726,88.3639,32.1,61.4,14.0
2023-04-03,22.5726,88.3639,35.1,64.9,10.8
2023-04-04,22.5726,88.3639,30.3,79.9,1.6
2023-04-05,22.5726,88.3639,29.2,69.2,13.0
2023-04-06,22.5726,88.3639,35.2,76.3,7.4
2023-04-07,22.5726,88.3639,31.9,75.7,14.4
2023-04-08,22.5726,88.3639,33.8,72.7,6.2
2023-04-09,22.5726,88.3639,29.2,65.6,14.0
2023-04-10,22.5726,88.3639,21.9,81.1,15.9
2023-04-11,22.5726,88.3639,37.3,47.8,2.4
2023-04-12,22.5726,88.3639,27.0,89.5,9.8
2023-04-13,22.5726,88.3639,29.6,58.9,16.4
2023-04-14,22.5726,88.3639,32.0,67.0,17.2
2023-04-15,22.5726,88.3639,29.8,64.3,14.7
2023-04-16,22.5726,88.3639,30.1,55.2,0.1
2023-04-17,22.5726,88.3639,24.9,59.2,17.2
2023-04-18,22.5726,88.3639,24.8,72.1,4.5
2023-04-19,22.5726,88.3639,32.0,52.4,6.9
2023-04-20,22.5726,88.3639,27.8,68.9,17.7
2023-04-21,22.5726,88.3639,27.5,78.6,2.9
2023-04-22,22.5726,88.3639,30.2,75.0,9.8
2023-04-23,22.5726,88.3639,32.4,71.5,9.4
2023-04-24,22.5726,88.3639,32.9,57.3,6.8
2023-04-25,22.5726,88.3639,29.5,68.9,3.9
2023-04-26,22.5726,88.3639,27.3,63.8,6.3
2023-04-27,22.5726,88.3639,28.1,66.6,12.1
2023-04-28,22.5726,88.3639,23.4,84.2,17.2
2023-04-29,22.5726,88.3639,30.9,74.1,16.6
2023-04-30,22.5726,88.3639,26.6,64.4,19.9
2023-05-01,22.5726,88.3639,31.0,71.6,19.9
2023-05-02,22.5726,88.3639,26.8,97.8,9.2
2023-05-03,22.5726,88.3639,28.2,77.9,14.1
2023-05-04,22.5726,88.3639,29.1,63.2,15.1
2023-05-05,22.5726,88.3639,27.9,89.0,12.3
2023-05-06,22.5726,88.3639,28.2,88.0,13.4
2023-05-07,22.5726,88.3639,26.3,64.3,7.7
2023-05-08,22.5726,88.3639,28.8,58.5,9.0
2023-05-09,22.5726,88.3639,33.7,69.6,2.3
2023-05-10,22.5726,88.3639,30.4,82.3,17.8
2023-05-11,22.5726,88.3639,30.3,54.5,9.0
2023-05-12,22.5726,88.3639,25.6,78.2,5.3
2023-05-13,22.5726,88.3639,27.4,75.3,2.7
2023-05-14,22.5726,88.3639,27.4,82.2,9.0
2023-05-15,22.5726,88.3639,26.4,67.2,9.4
2023-05-16,22.5726,88.3639,22.6,78.7,7.4
2023-05-17,22.5726,88.3639,28.7,84.3,19.0
2023-05-18,22.5726,88.3639,29.6,59.2,4.4
2023-05-19,22.5726,88.3639,29.9,54.0,12.7
2023-05-20,22.5726,88.3639,27.1,63.8,12.5
2023-05-21,22.5726,88.3639,32.5,71.1,6.2
2023-05-22,22.5726,88.3639,24.1,69.8,19.1
2023-05-23,22.5726,88.3639,27.1,73.3,4.2
2023-05-24,22.5726,88.3639,30.8,54.4,9.0
2023-05-25,22.5726,88.3639,26.9,81.1,10.3
2023-05-26,22.5726,88.3639,27.0,78.6,4.0
2023-05-27,22.5726,88.3639,23.6,69.6,12.9
2023-05-28,22.5726,88.3639,27.9,79.3,19.6
2023-05-29,22.5726,88.3639,25.4,80.8,15.8
2023-05-30,22.5726,88.3639,29.2,49.9,5.1
2023-05-31,22.5726,88.3639,30.0,56.8,15.3
2023-06-01,22.5726,88.3639,22.4,75.1,17.3
2023-06-02,22.5726,88.3639,17.5,88.8,8.4
2023-06-03,22.5726,88.3639,20.5,74.3,8.8
2023-06-04,22.5726,88.3639,18.4,97.8,2.8
2023-06-05,22.5726,88.3639,22.2,86.0,13.4
2023-06-06,22.5726,88.3639,24.6,83.2,16.6
2023-06-07,22.5726,88.3639,23.7,82.3,17.4
2023-06-08,22.5726,88.3639,18.5,96.9,5.9
2023-06-09,22.5726,88.3639,26.8,82.5,9.0
2023-06-10,22.5726,88.3639,21.5,81.1,18.6
2023-06-11,22.5726,88.3639,23.9,77.0,13.0
2023-06-12,22.5726,88.3639,21.4,82.7,16.8
2023-06-13,22.5726,88.3639,25.3,91.1,4.2
2023-06-14,22.5726,88.3639,18.8,63.7,5.4
2023-06-15,22.5726,88.3639,26.1,81.5,15.1
2023-06-16,22.5726,88.3639,27.6,71.2,3.4
2023-06-17,22.5726,88.3639,22.9,73.0,0.5
2023-06-18,22.5726,88.3639,21.3,87.2,17.4
2023-06-19,22.5726,88.3639,23.0,72.6,0.6
2023-06-20,22.5726,88.3639,22.9,81.2,14.5
2023-06-21,22.5726,88.3639,19.1,60.9,6.6
2023-06-22,22.5726,88.3639,22.5,80.9,17.4
2023-06-23,22.5726,88.3639,22.9,83.3,2.4
2023-06-24,22.5726,88.3639,20.4,85.1,18.4
2023-06-25,22.5726,88.3639,20.9,68.8,12.6
2023-06-26,22.5726,88.3639,21.0,91.5,12.3
2023-06-27,22.5726,88.3639,21.2,64.2,6.5
2023-06-28,22.5726,88.3639,24.6,72.8,13.8
2023-06-29,22.5726,88.3639,25.3,84.1,0.3
2023-06-30,22.5726,88.3639,17.1,97.3,12.8
2023-07-01,22.5726,88.3639,18.6,78.4,10.0
2023-07-02,22.5726,88.3639,24.2,73.5,13.0
2023-07-03,22.5726,88.3639,19.3,81.5,17.3
2023-07-04,22.5726,88.3639,25.1,82.4,18.2
2023-07-05,22.5726,88.3639,16.5,96.9,18.9
2023-07-06,22.5726,88.3639,19.0,74.5,4.1
2023-07-07,22.5726,88.3639,20.8,78.4,18.6
2023-07-08,22.5726,88.3639,18.6,84.1,1.1
2023-07-09,22.5726,88.3639,20.1,79.2,14.5
2023-07-10,22.5726,88.3639,21.3,76.8,18.7
2023-07-11,22.5726,88.3639,15.4,82.6,11.0
2023-07-12,22.5726,88.3639,15.9,99.8,2.3
2023-07-13,22.5726,88.3639,17.8,100.0,2.5
2023-07-14,22.5726,88.3639,20.3,83.9,17.6
2023-07-15,22.5726,88.3639,14.8,79.7,16.7
2023-07-16,22.5726,88.3639,12.7,88.7,15.3
2023-07-17,22.5726,88.3639,16.1,62.7,11.9
2023-07-18,22.5726,88.3639,18.6,77.0,10.3
2023-07-19,22.5726,88.3639,14.7,93.3,0.2
2023-07-20,22.5726,88.3639,21.7,94.7,10.1
2023-07-21,22.5726,88.3639,13.8,82.2,17.3
2023-07-22,22.5726,88.3639,17.3,71.7,7.3
2023-07-23,22.5726,88.3639,16.4,90.8,9.1
2023-07-24,22.5726,88.3639,11.4,87.1,9.3
2023-07-25,22.5726,88.3639,15.4,58.8,19.8
2023-07-26,22.5726,88.3639,17.1,80.8,3.0
2023-07-27,22.5726,88.3639,10.4,88.8,2.4
2023-07-28,22.5726,88.3639,16.8,99.3,10.2
2023-07-29,22.5726,88.3639,16.0,75.7,18.6
2023-07-30,22.5726,88.3639,15.3,86.8,4.4
2023-07-31,22.5726,88.3639,10.9,78.9,10.7
2023-08-01,22.5726,88.3639,15.1,83.6,7.6
2023-08-02,22.5726,88.3639,9.9,94.1,12.7
2023-08-03,22.5726,88.3639,14.5,80.5,7.1
2023-08-04,22.5726,88.3639,12.7,91.0,0.0
2023-08-05,22.5726,88.3639,13.5,81.6,5.4
2023-08-06,22.5726,88.3639,12.3,95.1,12.8
2023-08-07,22.5726,88.3639,12.4,60.4,0.4
2023-08-08,22.5726,88.3639,11.0,86.8,7.7
2023-08-09,22.5726,88.3639,11.5,53.9,10.0
2023-08-10,22.5726,88.3639,18.2,100.0,13.8
2023-08-11,22.5726,88.3639,9.6,71.4,5.2
2023-08-12,22.5726,88.3639,11.6,95.7,13.2
2023-08-13,22.5726,88.3639,16.6,88.6,19.9
2023-08-14,22.5726,88.3639,14.6,98.3,17.0
2023-08-15,22.5726,88.3639,12.6,64.1,15.1
2023-08-16,22.5726,88.3639,13.2,100.0,2.0
2023-08-17,22.5726,88.3639,13.8,74.7,8.9
2023-08-18,22.5726,88.3639,14.5,81.9,14.6
2023-08-19,22.5726,88.3639,14.1,86.6,3.2
2023-08-20,22.5726,88.3639,13.2,66.8,18.0
2023-08-21,22.5726,88.3639,19.5,74.7,19.0
2023-08-22,22.5726,88.3639,5.0,100.0,1.4
2023-08-23,22.5726,88.3639,14.6,90.2,1.8
2023-08-24,22.5726,88.3639,7.6,88.3,10.4
2023-08-25,22.5726,88.3639,11.0,73.8,10.8
2023-08-26,22.5726,88.3639,6.1,100.0,2.8
2023-08-27,22.5726,88.3639,13.1,94.5,9.8
2023-08-28,22.5726,88.3639,14.2,88.3,15.7
2023-08-29,22.5726,88.3639,13.6,85.3,8.6
2023-08-30,22.5726,88.3639,10.0,96.4,2.9
2023-08-31,22.5726,88.3639,12.1,91.8,8.7
2023-09-01,22.5726,88.3639,13.8,95.5,10.9
2023-09-02,22.5726,88.3639,11.1,94.0,9.4
2023-09-03,22.5726,88.3639,14.4,89.8,18.2
2023-09-04,22.5726,88.3639,16.6,87.2,1.2
2023-09-05,22.5726,88.3639,12.7,71.3,15.7
2023-09-06,22.5726,88.3639,9.1,86.8,5.2
2023-09-07,22.5726,88.3639,11.7,76.1,16.7
2023-09-08,22.5726,88.3639,5.9,100.0,13.7
2023-09-09,22.5726,88.3639,12.6,86.8,17.7
2023-09-10,22.5726,88.3639,12.0,84.9,5.7
2023-09-11,22.5726,88.3639,11.9,75.0,15.2
2023-09-12,22.5726,88.3639,11.0,86.1,15.0
2023-09-13,22.5726,88.3639,4.4,89.7,12.4
2023-09-14,22.5726,88.3639,10.5,72.4,8.4
2023-09-15,22.5726,88.3639,12.9,98.6,15.4
2023-09-16,22.5726,88.3639,3.4,74.6,3.1
2023-09-17,22.5726,88.3639,7.2,96.8,9.9
2023-09-18,22.5726,88.3639,13.2,76.5,14.2
2023-09-19,22.5726,88.3639,12.2,89.2,10.1
2023-09-20,22.5726,88.3639,7.7,97.5,2.7
2023-09-21,22.5726,88.3639,11.6,70.8,4.3
2023-09-22,22.5726,88.3639,7.7,97.4,12.0
2023-09-23,22.5726,88.3639,6.6,88.7,5.0
2023-09-24,22.5726,88.3639,9.8,96.4,12.6
2023-09-25,22.5726,88.3639,13.1,75.1,13.6
2023-09-26,22.5726,88.3639,14.7,90.7,3.8
2023-09-27,22.5726,88.3639,4.7,98.0,4.7
2023-09-28,22.5726,88.3639,4.1,100.0,6.6
2023-09-29,22.5726,88.3639,8.1,70.1,12.5
2023-09-30,22.5726,88.3639,8.4,98.2,18.7
2023-10-01,22.5726,88.3639,11.4,82.0,1.7
2023-10-02,22.5726,88.3639,6.1,99.0,20.0
2023-10-03,22.5726,88.3639,13.1,86.7,3.9
2023-10-04,22.5726,88.3639,12.5,97.3,14.2
2023-10-05,22.5726,88.3639,4.8,100.0,0.4
2023-10-06,22.5726,88.3639,14.1,91.8,8.2
2023-10-07,22.5726,88.3639,13.5,79.2,12.5
2023-10-08,22.5726,88.3639,8.6,100.0,6.0
2023-10-09,22.5726,88.3639,9.4,69.6,10.6
2023-10-10,22.5726,88.3639,9.4,90.4,5.1
2023-10-11,22.5726,88.3639,6.7,89.7,18.7
2023-10-12,22.5726,88.3639,5.5,88.3,9.5
2023-10-13,22.5726,88.3639,12.1,82.3,10.9
2023-10-14,22.5726,88.3639,12.0,64.6,9.7
2023-10-15,22.5726,88.3639,8.9,90.2,16.4
2023-10-16,22.5726,88.3639,6.4,97.8,16.7
2023-10-17,22.5726,88.3639,11.5,77.8,17.1
2023-10-18,22.5726,88.3639,6.8,95.0,17.3
2023-10-19,22.5726,88.3639,13.3,100.0,15.3
2023-10-20,22.5726,88.3639,8.7,99.9,14.1
2023-10-21,22.5726,88.3639,12.7,100.0,0.4
2023-10-22,22.5726,88.3639,14.4,99.4,1.8
2023-10-23,22.5726,88.3639,14.4,100.0,4.5
2023-10-24,22.5726,88.3639,13.4,76.7,18.9
2023-10-25,22.5726,88.3639,9.3,64.8,6.4
2023-10-26,22.5726,88.3639,13.7,71.3,13.2
2023-10-27,22.5726,88.3639,10.0,73.4,8.4
2023-10-28,22.5726,88.3639,7.8,88.1,13.8
2023-10-29,22.5726,88.3639,10.0,74.4,11.1
2023-10-30,22.5726,88.3639,7.1,100.0,14.7
2023-10-31,22.5726,88.3639,8.3,89.9,0.6
2023-11-01,22.5726,88.3639,13.1,93.5,15.1
2023-11-02,22.5726,88.3639,16.0,88.5,19.8
2023-11-03,22.5726,88.3639,14.1,94.8,3.5
2023-11-04,22.5726,88.3639,17.2,86.4,17.2
2023-11-05,22.5726,88.3639,14.0,84.5,7.6
2023-11-06,22.5726,88.3639,8.5,90.5,7.0
2023-11-07,22.5726,88.3639,11.4,87.2,0.4
2023-11-08,22.5726,88.3639,17.6,69.8,8.1
2023-11-09,22.5726,88.3639,10.1,85.3,6.8
2023-11-10,22.5726,88.3639,16.7,92.7,12.3
2023-11-11,22.5726,88.3639,10.8,100.0,5.9
2023-11-12,22.5726,88.3639,10.2,73.9,19.8
2023-11-13,22.5726,88.3639,12.3,88.8,17.5
2023-11-14,22.5726,88.3639,12.9,82.2,6.7
2023-11-15,22.5726,88.3639,11.5,66.5,5.7
2023-11-16,22.5726,88.3639,13.9,90.1,19.9
2023-11-17,22.5726,88.3639,14.5,78.5,0.4
2023-11-18,22.5726,88.3639,15.6,88.3,0.3
2023-11-19,22.5726,88.3639,12.1,100.0,2.7
2023-11-20,22.5726,88.3639,13.6,94.3,7.7
2023-11-21,22.5726,88.3639,14.2,78.9,6.0
2023-11-22,22.5726,88.3639,15.8,89.1,2.8
2023-11-23,22.5726,88.3639,9.8,72.5,0.3
2023-11-24,22.5726,88.3639,16.0,75.7,8.5
2023-11-25,22.5726,88.3639,11.9,93.2,14.8
2023-11-26,22.5726,88.3639,17.8,80.4,9.2
2023-11-27,22.5726,88.3639,13.6,96.2,13.3
2023-11-28,22.5726,88.3639,17.6,61.6,10.9
2023-11-29,22.5726,88.3639,15.1,73.8,14.3
2023-11-30,22.5726,88.3639,12.4,84.7,14.6
2023-12-01,22.5726,88.3639,11.5,84.0,4.0
2023-12-02,22.5726,88.3639,16.4,93.7,13.8
2023-12-03,22.5726,88.3639,17.6,94.0,8.2
2023-12-04,22.5726,88.3639,16.1,97.5,1.3
2023-12-05,22.5726,88.3639,14.3,87.3,8.9
2023-12-06,22.5726,88.3639,12.7,87.5,9.6
2023-12-07,22.5726,88.3639,17.0,93.1,7.3
2023-12-08,22.5726,88.3639,12.7,84.5,3.5
2023-12-09,22.5726,88.3639,19.0,65.8,12.7
2023-12-10,22.5726,88.3639,17.3,87.6,16.9
2023-12-11,22.5726,88.3639,21.5,95.6,4.8
2023-12-12,22.5726,88.3639,16.2,100.0,8.3
2023-12-13,22.5726,88.3639,17.9,73.6,13.5
2023-12-14,22.5726,88.3639,19.8,70.9,10.8
2023-12-15,22.5726,88.3639,15.6,77.9,4.0
2023-12-16,22.5726,88.3639,14.3,65.8,18.9
2023-12-17,22.5726,88.3639,20.4,91.3,8.7
2023-12-18,22.5726,88.3639,18.8,74.9,3.3
2023-12-19,22.5726,88.3639,19.5,79.7,16.3
2023-12-20,22.5726,88.3639,18.5,83.9,14.3
2023-12-21,22.5726,88.3639,18.1,77.5,18.7
2023-12-22,22.5726,88.3639,20.0,76.1,1.7
2023-12-23,22.5726,88.3639,22.4,71.8,9.4
2023-12-24,22.5726,88.3639,16.8,83.3,16.8
2023-12-25,22.5726,88.3639,19.5,90.1,5.1
2023-12-26,22.5726,88.3639,17.1,59.8,9.8
2023-12-27,22.5726,88.3639,17.8,83.5,16.8
2023-12-28,22.5726,88.3639,16.1,76.5,10.3
2023-12-29,22.5726,88.3639,14.6,88.7,8.5
2023-12-30,22.5726,88.3639,16.3,95.5,7.8
2023-12-31,22.5726,88.3639,25.9,72.1,8.1
